CR560Q03A,CR560Q08A,CR565Q02A,CR565Q05A,CR455Q02A,CR544Q10A,CR544Q13A,CR551Q01A,CR551Q09A,CR551Q11A,CR551Q05A,CR551Q08A
2,2,288,158,195,4,151,2,4,459,153,6
1,2,200,87,48,2,103,2,2,340,118,2
1,4,117,120,68,1,144,1,1,105,104,2
1,1,77,117,111,2,113,1,22,353,81,3
3,2,449,163,232,3,408,54,6,546,335,20
2,2,199,224,153,2,163,2,2,149,63,5
1,1,189,125,144,1,137,2,1,223,112,2
3,1,410,125,136,1,403,1,2,413,115,4
2,2,151,136,60,2,7,3,1,86,31,2
10,2,158,91,324,26,220,9,2,232,94,2
1,2,178,118,38,1,68,2,1,33,85,1
1,4,237,121,181,4,232,4,3,133,71,13
5,2,221,317,217,7,103,4,2,351,119,2
1,2,148,37,10,2,64,2,2,172,4,2
2,2,180,664,299,4,45,8,1,408,169,2
4,2,214,118,159,2,144,6,6,227,96,1
2,1,202,126,74,2,104,1,2,137,88,4
2,3,205,34,45,2,32,2,2,78,134,4
2,2,138,65,20,4,66,2,2,54,50,2
2,2,317,174,90,3,105,2,2,124,93,3
2,2,93,75,41,5,184,39,2,219,92,6
6,2,176,371,95,6,126,2,4,125,88,2
3,1,303,463,108,9,11,2,5,261,104,3
1,5,119,2,81,38,7,13,1,5,11,3
1,3,263,221,205,4,170,3,2,74,64,1
5,7,223,81,178,6,352,12,10,290,224,33
2,10,245,206,186,2,241,57,4,282,356,14
1,1,132,83,10,1,49,3,1,100,90,1
11,10,182,96,109,2,191,5,6,280,137,2
1,2,390,212,229,5,534,6,2,188,242,2
4,1,223,128,206,2,489,2,3,332,113,2
2,9,101,144,94,5,22,10,4,167,54,7
1,59,274,79,64,54,7,1,1,59,133,1
2,6,134,53,54,8,96,2,4,63,41,4
3,1,206,157,51,4,43,1,2,168,112,2
2,2,175,75,147,13,15,12,9,447,100,2
2,1,238,89,55,1,24,3,1,145,8,2
1,5,317,252,117,2,115,2,2,170,79,2
5,2,188,123,50,3,8,2,4,505,45,2
2,2,201,133,94,2,12,3,9,126,116,11
2,2,125,82,186,6,65,2,7,51,43,2
1,1,144,31,21,4,15,7,1,165,61,3
3,2,215,164,179,5,398,7,1,269,269,7
2,2,198,15,133,2,550,4,2,493,29,2
4,1,71,123,45,2,90,2,2,144,77,1
5,2,379,90,118,8,331,2,4,62,6,4
1,1,234,141,102,4,154,7,2,160,212,4
4,1,195,122,211,2,352,1,2,104,81,3
2,6,66,132,145,2,16,6,2,509,126,2
1,4,160,158,113,20,119,1,1,426,66,5
4,2,334,146,262,7,83,10,11,61,216,2
4,8,162,97,47,3,477,13,2,126,125,13
1,2,219,166,47,2,165,2,2,111,92,3
1,1,177,98,45,1,51,3,6,182,92,2
1,1,269,227,262,1,85,1,2,531,97,7
1,1,330,76,331,1,84,1,1,142,106,1
2,2,268,96,110,4,97,7,2,276,102,7
2,3,86,37,133,2,8,15,4,159,188,4
2,1,200,199,330,2,181,2,2,105,77,6
1,1,126,144,135,11,240,1,1,252,276,1
2,2,204,54,70,2,141,2,2,159,76,2
2,1,100,215,150,7,63,2,1,291,33,1
2,1,228,106,175,6,110,1,2,309,93,3
1,1,230,94,113,1,121,3,1,105,77,2
18,2,285,53,97,4,85,2,2,65,15,2
1,2,185,111,122,2,3,2,2,67,108,2
2,2,117,104,44,2,3,2,25,52,105,8
6,4,272,194,60,2,274,2,4,54,128,2
3,2,166,109,50,3,84,6,1,77,75,1
2,1,166,69,42,1,1,2,1,37,80,3
1,3,203,377,107,1,171,1,1,111,49,5
1,1,227,144,48,1,107,1,1,138,106,1
15,2,225,171,42,2,2,4,2,361,209,6
4,4,208,159,87,2,145,2,2,62,93,4
1,1,182,44,96,1,132,4,1,22,100,2
1,2,170,144,139,2,145,1,2,98,116,1
3,2,149,159,125,2,72,3,3,45,75,2
1,1,206,133,124,1,1,1,1,59,101,1
1,2,465,225,83,2,159,2,2,173,107,2
5,5,260,201,634,9,6,9,4,121,34,7
1,3,169,148,43,2,169,4,2,270,30,6
1,1,291,77,79,1,68,1,1,61,167,1
8,4,115,31,38,4,6,4,4,21,4,6
2,2,261,146,157,2,149,4,2,221,106,2
2,2,247,438,101,2,83,7,6,35,45,2
6,5,219,139,259,2,6,3,6,177,95,8
1,1,171,92,112,6,109,1,1,132,118,1
2,2,112,172,69,2,501,3,2,55,43,2
2,2,234,173,611,2,302,3,6,127,110,2
1,6,168,169,148,2,5,2,2,87,96,2
1,1,88,16,9,1,165,1,1,104,93,1
1,1,291,217,146,1,78,2,3,252,87,2
1,1,97,50,24,1,3,1,1,111,27,3
3,2,247,151,34,5,7,3,4,61,8,2
1,2,332,194,240,7,163,6,2,433,141,2
2,6,362,170,161,2,124,2,4,205,93,1
6,5,201,333,120,8,45,5,2,46,75,2
11,5,355,122,55,2,239,6,8,388,209,2
1,1,112,57,42,1,7,1,1,7,4,1
2,1,280,217,74,1,238,1,1,11,142,1
2,1,140,109,180,1,1,1,1,34,3,1
13,2,236,131,150,17,434,54,2,124,11,2
5,2,246,115,48,4,124,2,2,278,116,2
1,1,163,136,39,3,7,1,1,181,109,1
3,2,355,537,39,3,169,14,4,30,100,4
1,2,184,150,40,2,121,3,2,130,97,1
1,2,42,155,60,1,73,8,1,56,19,1
3,1,154,136,100,1,134,2,1,51,82,1
6,6,200,54,60,1,60,1,2,65,78,2
6,18,264,406,260,8,115,2,2,178,81,2
13,17,277,102,87,23,7,10,18,150,156,12
2,2,655,211,475,2,199,2,2,831,7,5
28,3,290,177,436,17,321,19,3,498,100,4
2,2,198,86,60,8,169,5,2,155,181,3
4,2,283,210,149,2,1,2,2,153,132,4
2,2,282,142,111,21,114,2,2,299,76,2
1,3,252,169,31,1,2,1,1,224,95,1
1,1,170,297,83,2,78,1,2,269,139,2
1,1,112,76,26,1,1,2,1,19,47,2
3,2,334,305,290,6,88,2,4,199,188,4
2,2,304,613,141,2,108,5,4,156,120,2
2,2,117,225,142,2,152,3,7,252,113,2
7,2,168,161,122,3,20,6,2,108,89,14
1,2,85,32,51,9,11,7,2,22,17,1
5,1,351,197,115,1,167,1,1,149,69,1
7,3,199,198,81,20,64,5,4,156,4,3
3,2,363,97,149,2,135,10,6,9,45,2
2,2,286,92,69,2,118,2,2,255,61,2
2,18,438,318,316,30,528,23,2,479,292,8
2,3,230,463,275,2,355,6,6,385,85,2
1,1,50,82,63,1,38,1,1,47,55,2
1,1,614,175,115,2,10,3,1,86,6,3
8,7,183,169,134,13,120,20,6,775,120,26
2,2,17,26,22,2,16,3,2,136,21,2
1,1,248,75,131,3,83,5,1,424,197,1
7,2,170,160,178,4,142,2,2,57,114,2
3,2,215,162,53,2,100,1,2,62,44,3
6,2,263,254,171,2,251,2,2,191,115,2
2,7,139,237,98,2,86,6,5,156,108,2
1,2,170,329,660,2,140,1,2,276,122,5
1,1,380,58,150,2,126,3,1,85,188,1
2,2,117,144,47,2,113,8,2,66,5,2
3,1,122,121,147,1,115,1,1,104,100,2
1,1,461,233,210,2,136,2,4,94,111,2
1,1,156,155,32,1,219,2,2,273,124,2
2,3,131,125,61,2,178,3,2,170,179,2
4,4,453,432,266,2,154,3,2,268,10,7
2,1,200,100,32,1,58,3,1,163,69,1
1,1,243,162,94,1,36,1,1,548,97,1
2,3,250,235,277,1,298,1,1,167,35,2
2,2,290,54,61,2,165,2,2,357,84,2
2,2,184,47,256,2,194,2,2,170,41,2
8,20,219,200,64,2,57,2,4,27,122,3
4,2,71,23,73,4,2,6,2,119,12,2
8,9,384,848,846,2,357,23,8,881,108,31
2,2,353,81,148,3,100,2,2,111,137,12
3,2,189,42,96,8,158,6,4,246,87,2
6,3,499,275,134,20,198,10,8,445,68,13
1,2,261,205,169,2,102,1,3,208,58,1
2,2,250,401,89,1,74,1,1,50,24,1
2,2,408,120,175,2,179,5,2,760,119,5
10,10,548,132,217,2,191,2,4,308,140,2
6,4,163,71,163,4,78,3,2,133,116,4
2,2,571,122,394,2,398,4,10,657,186,3
2,2,223,359,250,6,119,8,2,418,93,4
1,2,231,53,244,1,439,2,1,229,99,6
2,2,137,103,51,6,123,5,10,147,88,2
2,2,193,149,34,2,445,6,2,615,98,1
2,2,320,533,134,2,114,19,6,253,115,2
1,2,246,155,145,5,9,2,4,499,10,13
2,2,221,122,86,4,440,8,4,351,101,2
2,2,392,385,110,3,6,5,2,80,96,4
4,6,337,238,156,4,195,2,2,444,90,2
1,4,405,500,94,6,131,1,1,162,46,1
2,3,131,28,36,4,181,8,2,217,60,2
1,1,40,73,82,1,338,9,1,136,112,1
3,2,236,267,259,2,376,2,4,300,104,2
2,5,129,34,97,4,3,9,2,49,12,14
2,1,97,67,87,8,78,8,2,38,83,2
2,7,365,223,278,2,498,4,8,708,218,2
4,2,172,110,128,2,67,7,2,360,51,3
3,59,227,21,40,2,119,5,2,488,104,5
3,3,65,78,96,2,57,2,3,161,29,4
1,3,184,143,122,2,151,2,1,61,149,2
14,2,373,158,216,7,64,6,8,536,4,7
3,1,255,163,67,1,180,1,1,34,16,1
2,2,165,156,196,2,62,2,2,81,107,2
2,2,165,160,112,2,75,2,2,169,69,4
15,2,295,121,308,2,13,2,2,137,123,4
2,2,152,267,164,2,99,2,4,242,106,2
10,2,134,94,90,4,35,2,8,23,16,2
1,2,355,24,247,2,59,2,2,94,46,2
1,1,313,136,114,4,100,2,4,78,96,1
2,4,248,162,165,4,283,12,4,308,127,2
4,2,443,289,189,2,210,2,4,179,93,2
2,2,93,16,88,1,105,1,1,33,109,1
2,2,204,119,257,2,216,3,2,273,117,2
3,3,246,118,152,2,121,11,2,131,82,2
2,2,250,131,314,2,2,6,2,43,100,2
2,1,208,137,175,7,92,10,1,167,130,1
2,2,227,183,121,2,222,4,4,442,101,2
3,3,268,127,187,4,3,2,4,52,85,4
5,2,48,79,33,9,7,12,2,10,35,3
2,2,243,98,82,2,227,2,2,312,108,8
1,1,80,169,120,4,1,2,2,9,72,1
5,7,154,376,187,2,3,7,3,5,32,3
2,1,378,50,52,2,2,1,2,35,6,1
1,3,290,143,56,2,77,2,2,113,239,5
3,2,233,160,78,2,123,2,4,108,141,4
3,2,148,128,81,2,93,2,2,13,5,2
3,2,254,142,30,4,219,6,3,177,35,2
13,22,319,164,251,18,202,11,4,338,145,7
1,1,212,114,252,1,2,4,2,93,165,3
2,2,302,190,133,2,165,2,2,9,5,2
2,3,269,125,38,5,144,17,3,147,142,2
2,2,159,186,107,4,1,2,2,81,94,2
2,2,177,85,52,2,45,4,2,23,31,2
4,2,441,60,86,2,177,2,2,195,12,6
2,2,176,196,56,2,444,4,4,120,4,8
2,6,355,213,75,2,129,2,4,9,45,11
2,6,286,211,441,2,257,2,2,31,240,2
1,1,165,82,101,1,296,1,2,361,92,1
1,4,117,118,31,1,16,2,2,9,8,8
2,1,294,258,64,4,250,1,1,473,156,1
1,1,285,170,120,3,2,2,1,59,93,1
4,12,268,137,173,2,437,2,2,185,90,2
1,2,296,129,79,2,114,2,3,97,64,2
2,4,201,141,118,2,2,1,2,118,115,2
5,2,234,96,129,4,252,3,2,832,80,2
2,2,180,29,93,2,89,2,2,454,114,4
2,3,348,77,36,2,158,7,2,114,6,4
2,2,239,204,195,2,202,2,2,344,94,6
1,4,272,182,134,3,11,2,4,28,4,9
6,2,237,23,83,1,225,2,2,263,67,2
10,2,471,467,679,2,7,2,4,484,120,2
7,6,167,84,54,2,7,10,2,64,4,4
7,2,290,86,329,2,142,2,6,197,187,2
3,3,223,87,91,3,6,6,6,6,78,6
3,2,120,66,43,4,105,8,8,17,5,2
19,2,316,124,95,2,14,7,2,56,15,2
1,5,241,53,119,4,7,13,1,189,106,7
1,1,141,102,49,2,1,3,3,28,133,1
2,3,295,147,324,2,165,2,2,260,126,2
3,2,81,81,66,5,2,7,1,7,93,2
1,1,249,244,65,2,2,2,4,68,109,2
2,4,221,62,330,2,121,4,2,78,94,1
3,2,211,138,258,6,88,3,2,233,88,2
2,5,77,141,63,4,42,2,2,54,59,4
2,3,126,93,48,21,1,5,3,6,8,3
1,1,206,169,143,1,5,2,2,7,2,2
1,1,434,154,46,2,1,1,2,57,76,2
12,3,677,665,216,14,17,9,8,169,8,4
2,2,32,64,19,2,73,2,2,29,24,2
2,6,273,140,273,2,113,6,2,169,133,2
1,1,206,86,44,1,8,3,1,72,6,2
1,1,311,118,84,1,2,7,2,18,53,5
1,3,212,213,85,5,150,7,1,130,92,1
2,6,84,63,96,10,5,1,6,100,31,2
2,1,415,193,60,1,307,1,1,190,162,3
2,2,114,67,50,2,5,2,2,6,5,2
10,2,246,34,102,4,18,6,8,132,6,4
3,5,123,22,47,2,60,9,2,24,2,4
3,2,184,189,63,2,374,6,2,447,98,2
2,4,273,130,157,4,9,2,8,8,106,4
2,2,273,115,84,1,5,2,4,31,117,2
1,1,136,47,113,4,33,2,2,12,14,7
1,1,292,114,249,2,1,1,1,13,51,1
1,1,135,89,54,3,204,2,1,80,6,2
2,2,199,112,121,2,192,4,2,183,183,2
1,1,138,143,94,1,1,5,1,5,48,2
1,1,159,68,66,2,139,2,2,239,68,2
1,2,159,183,186,1,192,1,3,279,124,1
2,1,229,294,156,3,139,7,16,146,69,5
2,2,356,141,113,6,189,2,4,72,152,2
3,1,316,312,150,3,297,5,3,519,127,11
2,4,163,162,221,10,244,2,2,317,128,2
1,1,112,148,44,1,70,1,1,159,74,2
3,4,116,208,45,4,8,2,2,153,128,7
21,11,274,174,261,2,82,4,11,542,99,7
1,1,300,208,113,1,137,1,2,233,191,1
4,2,342,299,411,4,552,6,2,502,99,2
4,4,167,142,223,5,194,8,3,192,85,2
4,4,325,184,232,6,300,5,3,725,99,17
2,1,143,127,41,2,112,1,1,120,86,3
2,2,283,307,355,2,215,2,3,152,75,6
2,2,199,125,188,2,221,2,2,245,182,2
1,1,289,132,156,1,182,3,1,251,101,1
1,1,236,244,428,2,205,3,1,405,204,1
5,2,128,100,230,2,121,1,2,506,110,1
6,1,141,46,161,5,95,3,1,54,63,1
2,4,198,162,182,2,241,9,2,362,108,2
6,2,264,139,82,2,123,1,4,212,98,6
3,1,308,302,369,1,187,1,1,123,106,2
5,2,215,160,39,3,49,5,4,77,24,2
2,1,243,195,110,2,129,2,1,65,104,3
3,4,185,192,38,2,112,10,6,256,139,4
2,3,178,161,163,2,136,2,6,109,120,4
1,1,194,180,322,3,85,4,1,10,123,1
1,1,124,75,283,1,174,1,1,237,114,5
2,4,159,66,101,2,144,6,2,531,202,4
1,2,455,104,357,2,276,2,2,462,81,2
2,2,296,173,245,1,244,2,4,258,84,1
2,1,166,112,156,1,181,2,1,161,47,2
1,1,204,104,138,2,203,4,1,345,103,1
1,4,136,73,87,2,135,1,1,44,34,1
1,1,252,137,261,2,193,2,2,974,137,2
2,2,170,118,126,2,108,2,2,235,93,2
4,10,130,209,101,2,106,4,6,709,106,4
2,2,215,72,110,2,312,2,4,572,142,2
2,2,280,262,63,2,140,2,4,154,212,2
1,2,325,138,149,1,228,1,2,122,117,1
2,1,203,153,172,2,93,2,2,219,323,1
2,2,185,146,110,2,88,2,6,303,177,2
1,1,212,183,210,3,201,1,1,282,103,1
1,1,71,48,76,1,28,1,1,16,23,1
4,2,337,154,207,2,136,10,9,517,131,4
1,1,292,204,136,1,211,9,3,316,187,4
2,2,174,72,71,2,64,1,2,118,93,3
2,2,156,123,26,41,46,7,18,114,45,9
3,2,632,172,429,5,221,2,8,717,99,3
4,4,273,126,58,5,70,5,4,57,95,4
1,5,303,267,589,2,311,1,1,191,136,7
7,2,190,92,63,11,205,13,8,149,93,2
2,2,274,206,200,4,342,2,2,378,253,11
2,4,73,54,99,4,174,4,2,79,40,2
2,6,178,99,137,1,119,12,1,122,199,1
14,14,281,330,253,8,428,3,2,810,170,10
6,3,226,296,280,4,200,8,2,376,133,2
3,2,337,220,229,2,390,2,2,264,189,4
2,1,316,58,215,1,47,1,1,138,44,2
1,1,175,74,189,1,43,1,1,95,118,1
2,2,106,94,161,2,44,5,4,170,93,4
2,1,139,283,228,1,473,1,1,296,28,4
2,2,121,51,106,2,94,2,2,209,74,2
5,4,241,232,276,5,283,2,8,103,133,4
1,1,140,113,127,1,134,1,1,373,268,1
1,2,239,226,299,3,352,1,2,339,555,7
1,2,221,169,362,2,323,2,2,137,83,2
2,2,58,120,63,10,80,3,4,60,97,2
1,1,282,334,519,1,386,1,6,342,112,3
2,1,81,57,33,1,9,2,1,25,48,1
2,4,236,196,333,2,178,6,2,303,73,2
5,12,258,124,151,5,336,6,2,721,161,8
2,4,96,51,253,2,130,2,2,199,107,2
2,2,228,70,195,4,251,2,6,221,85,2
4,2,316,122,73,2,496,4,2,250,9,4
1,3,209,162,289,1,219,3,8,424,130,2
2,2,132,104,147,2,64,1,2,198,68,2
2,1,338,327,202,5,168,2,2,205,130,2
6,1,123,36,46,2,103,6,2,182,44,2
1,3,89,149,55,2,43,5,2,83,50,1
2,2,274,184,195,6,346,5,5,883,242,2
1,3,207,143,164,5,141,16,3,306,78,6
1,1,354,264,104,2,202,1,2,162,90,6
1,1,188,152,102,1,174,1,1,36,37,1
1,1,247,205,115,1,213,9,1,548,186,5
1,3,166,406,73,3,107,1,1,197,79,2
2,2,226,335,111,5,83,2,2,102,74,2
3,1,291,117,84,3,138,1,1,53,69,3
2,2,228,115,62,2,249,14,2,661,103,6
1,1,114,108,59,3,86,2,2,204,85,2
10,2,208,232,161,3,147,2,4,366,109,1
3,3,130,62,48,3,26,4,4,73,98,23
7,4,433,625,260,5,404,47,2,495,52,8
1,2,266,95,272,10,87,2,2,145,59,2
1,1,205,110,83,3,99,1,1,224,98,1
2,2,227,183,61,2,216,1,2,236,74,5
2,2,301,100,101,2,192,12,2,379,130,2
2,8,291,286,262,6,109,18,2,272,107,3
1,1,278,167,182,2,374,16,1,133,115,4
2,2,182,126,66,2,230,2,2,519,193,6
1,1,169,67,105,3,157,1,1,119,83,1
6,2,229,121,135,2,214,9,3,181,109,1
1,1,248,182,393,1,371,2,2,428,184,3
3,2,305,236,417,2,219,2,2,315,130,4
4,2,287,395,298,4,86,2,2,332,86,2
1,1,96,35,35,1,99,2,1,131,94,2
2,2,192,143,253,2,374,2,2,510,105,4
2,2,200,155,135,2,207,23,3,155,68,9
2,1,284,80,131,1,35,1,1,171,70,1
1,1,298,53,97,2,96,1,3,87,39,2
5,5,134,21,120,1,27,8,2,18,29,2
2,2,173,117,35,1,70,1,3,142,129,7
2,3,150,186,185,6,104,2,2,474,66,2
1,1,173,128,267,1,443,2,3,342,166,1
1,2,163,157,382,4,582,2,2,570,89,2
2,2,178,130,114,2,151,5,2,229,167,2
2,4,605,256,186,2,514,2,4,676,136,2
1,1,257,162,148,7,169,12,2,207,160,7
1,1,332,222,407,1,190,1,3,893,245,12
3,2,215,80,74,1,268,2,1,125,5,2
47,4,120,123,44,3,127,12,2,327,155,4
1,1,370,199,200,1,196,1,1,142,153,1
3,2,166,85,26,4,123,2,2,84,70,1
2,2,241,322,326,3,339,1,1,282,183,2
2,4,193,65,300,2,85,2,2,5,5,1
3,3,169,123,608,3,87,1,2,145,69,2
2,2,174,147,63,2,119,2,2,198,91,2
1,2,435,373,391,7,359,2,1,96,128,7
8,2,500,3,157,4,245,17,2,330,197,10
2,2,170,118,167,4,172,6,4,211,86,4
3,2,236,123,231,2,647,12,9,680,352,2
2,1,336,296,150,1,111,1,7,129,81,5
7,2,295,352,229,2,80,15,7,118,95,2
1,3,86,54,40,1,56,1,1,31,70,1
1,7,184,88,198,2,102,4,2,397,72,1
2,1,110,36,77,1,18,1,1,159,66,3
2,2,164,230,338,2,341,1,6,296,112,2
15,2,145,158,61,4,37,3,2,14,26,2
1,1,312,297,122,4,118,4,2,107,111,1
30,23,227,181,334,9,267,5,21,445,226,38
2,4,358,204,273,1,699,2,2,512,210,5
2,1,155,45,191,1,283,6,1,262,161,5
13,6,232,252,411,4,101,4,2,90,20,4
2,1,726,79,175,2,283,3,7,511,110,1
2,2,255,64,148,1,143,1,2,10,107,2
1,2,146,80,251,2,252,1,1,515,87,1
1,1,275,140,170,3,361,3,1,260,174,1
2,3,54,75,126,2,84,2,6,51,38,4
2,6,158,77,115,6,103,9,2,481,91,5
1,8,398,137,155,7,274,4,2,321,127,2
1,2,261,424,365,1,273,1,9,111,159,1
2,2,171,142,143,4,194,2,2,243,117,2
5,14,33,469,75,2,4,2,2,4,116,2
3,2,92,106,59,5,80,3,2,151,28,2
2,1,244,261,116,2,473,2,1,908,103,1
2,2,320,272,382,4,239,2,2,254,75,2
2,3,334,288,217,6,290,2,2,359,4,4
1,2,395,232,72,4,238,1,2,609,141,2
1,1,321,296,151,1,168,1,1,211,47,1
2,1,265,143,222,4,248,1,2,74,58,1
5,2,221,128,32,1,110,1,1,192,97,1
6,2,551,123,72,2,101,2,2,202,83,2
6,10,126,201,98,2,314,5,4,185,89,6
3,2,211,451,264,4,125,6,2,196,110,2
4,2,113,122,226,3,375,4,4,206,125,2
1,1,281,118,273,3,193,1,1,255,100,1
2,2,87,48,26,2,61,2,2,183,35,2
1,2,237,323,169,1,181,1,1,337,39,1
1,1,308,127,142,3,450,1,3,135,113,5
2,2,231,149,331,4,328,4,3,257,91,2
1,2,190,124,49,5,81,1,1,37,105,1
2,2,323,388,189,2,345,6,2,430,198,2
1,2,323,112,138,3,343,2,2,305,184,4
1,13,190,48,164,1,84,4,2,95,59,1
1,2,101,58,81,2,101,2,4,135,76,2
1,1,142,127,159,1,249,2,2,119,100,1
3,2,227,217,127,1,266,1,2,224,72,4
1,3,57,194,108,1,69,2,1,133,78,1
1,1,133,83,82,1,395,5,1,222,84,1
3,2,151,131,301,2,255,11,6,291,19,6
2,2,91,92,189,2,119,4,2,174,86,2
2,2,635,239,202,2,436,2,8,356,225,5
1,3,95,3,45,4,67,1,1,194,37,5
9,7,163,92,40,2,53,2,2,40,31,4
2,2,245,318,209,2,350,1,2,118,136,2
2,2,284,161,157,3,81,5,5,286,97,2
1,1,245,179,160,1,53,2,1,139,92,1
2,2,134,112,138,2,538,11,2,182,170,6
1,3,249,345,32,1,180,13,2,248,95,3
2,2,162,90,35,2,142,2,2,387,144,4
2,1,156,48,132,2,55,4,3,87,110,3
1,2,235,272,329,2,649,5,2,566,83,2
1,1,324,140,250,1,279,2,5,304,94,2
4,2,166,237,103,12,253,3,6,266,80,4
2,2,195,336,460,2,240,3,4,299,116,2
1,1,227,197,225,3,422,5,2,384,118,3
1,1,359,321,94,1,197,1,1,337,82,1
3,2,298,139,154,9,115,2,4,306,222,5
2,2,318,160,289,2,462,12,2,287,233,2
1,1,97,101,142,1,68,3,1,46,70,1
4,6,211,426,423,4,388,8,4,304,75,2
2,2,221,417,246,2,246,4,11,577,217,6
2,2,134,160,183,2,40,2,2,211,95,2
11,2,187,167,130,3,77,2,2,212,4,2
3,2,295,150,302,2,184,4,8,375,54,10
1,1,251,325,203,2,191,9,1,137,23,1
3,3,170,162,285,2,307,2,1,399,7,10
1,3,53,72,20,2,94,1,3,116,28,3
3,2,147,107,112,2,71,2,2,39,15,2
1,1,212,278,197,1,180,4,2,277,139,1
3,2,218,401,99,2,409,2,2,351,72,1
9,2,240,176,141,6,106,3,3,62,106,2
2,2,138,64,63,2,158,2,2,30,46,2
2,11,253,321,430,2,303,6,6,666,215,6
1,2,240,159,164,1,241,1,1,508,133,7
2,2,218,131,124,2,6,6,2,416,29,2
1,2,124,114,56,2,88,3,2,85,114,7
1,3,292,113,211,1,21,1,6,345,4,5
12,4,228,164,178,5,174,6,9,385,97,12
3,3,239,149,139,1,179,1,2,94,189,3
1,1,291,203,233,1,76,1,1,157,81,1
3,3,261,174,92,3,209,10,2,463,129,7
1,2,432,208,465,5,476,4,6,172,90,6
1,1,146,99,150,8,227,1,2,342,71,2
3,1,197,368,64,2,226,2,1,163,150,7
2,4,249,303,347,4,122,2,2,127,82,2
10,2,464,192,458,15,353,48,12,118,256,24
1,2,199,291,176,6,114,1,2,188,72,1
1,8,261,91,16,2,103,1,2,372,320,1
1,1,208,73,217,3,145,1,1,171,169,1
3,2,348,246,374,7,390,10,2,673,108,3
2,2,138,124,234,10,156,2,4,131,134,9
1,1,135,93,108,1,47,1,1,158,78,1
2,2,243,187,38,2,204,2,2,533,169,4
2,2,189,107,136,6,78,2,2,234,122,11
2,1,251,163,59,3,138,1,1,278,107,1
1,1,188,81,46,3,62,31,4,194,66,2
1,1,187,123,181,2,149,2,2,47,80,7
2,4,207,190,159,18,290,1,6,286,101,1
1,1,230,38,79,2,72,5,3,232,44,2
12,2,230,148,234,2,180,2,4,211,95,2
4,2,338,287,156,2,345,1,2,204,7,6
1,1,190,92,64,2,130,1,1,186,106,2
2,2,217,80,97,2,106,6,7,142,4,2
1,2,362,262,179,2,529,2,2,538,214,13
1,1,703,48,162,1,178,36,2,132,112,2
1,2,198,138,74,1,125,1,5,200,163,2
2,2,277,283,225,2,237,2,2,199,108,2
2,1,220,262,313,3,211,1,1,188,145,2
1,1,390,301,217,1,210,1,1,194,120,6
1,1,136,81,250,1,117,1,1,399,55,11
4,8,142,189,132,5,115,5,2,280,53,3
8,1,352,483,287,4,390,1,7,881,337,4
5,2,189,184,230,7,105,4,2,65,79,2
1,1,165,149,39,1,10,1,3,158,22,1
3,2,208,311,963,2,252,3,6,670,6,8
3,2,152,156,223,3,268,2,2,138,105,1
2,2,216,169,224,2,151,6,2,240,147,2
2,2,157,39,48,2,98,2,4,167,58,2
2,2,184,76,90,2,85,2,2,128,103,2
2,2,215,145,263,2,248,2,2,551,101,5
4,2,291,194,35,4,83,3,2,754,95,2
6,2,109,134,158,2,35,11,2,66,69,4
1,2,238,126,57,4,117,2,1,267,82,2
5,1,346,128,291,3,8,10,2,11,2,3
2,2,184,125,151,2,75,2,3,219,107,1
2,1,358,216,240,3,383,6,2,501,135,2
1,2,202,177,599,6,607,1,2,675,345,6
2,1,97,133,148,4,258,6,2,356,57,7
4,2,228,217,190,2,162,2,2,244,120,8
2,2,178,106,37,4,80,3,6,169,35,2
2,2,224,151,243,6,149,2,2,208,113,2
1,1,125,296,123,3,288,1,4,248,91,3
2,2,248,121,260,2,144,2,2,455,190,2
10,6,201,352,222,2,164,4,2,86,122,2
1,1,170,207,78,2,124,1,1,211,101,1
1,2,78,22,63,8,102,10,2,60,40,2
2,2,339,190,123,1,267,15,13,433,170,2
1,1,334,120,101,2,309,2,8,251,109,3
21,1,185,545,73,1,284,3,1,423,32,5
2,4,738,317,228,2,290,2,4,567,111,3
2,3,272,182,157,2,127,6,2,500,71,9
1,1,272,70,97,1,523,1,1,889,171,1
1,1,113,62,23,1,61,2,2,183,64,1
2,4,245,222,40,8,254,2,2,180,98,2
1,1,164,233,255,3,143,1,2,904,109,1
2,4,226,205,172,4,373,2,2,253,87,6
4,2,476,228,101,3,151,3,8,551,146,2
6,2,181,67,44,2,103,6,2,76,65,2
2,2,293,413,321,5,387,2,4,968,114,2
2,3,115,80,88,2,95,2,4,119,47,2
1,2,58,205,71,1,17,2,2,21,22,2
1,1,323,187,123,1,299,3,4,552,83,1
3,3,594,263,331,2,200,4,2,160,72,3
3,8,304,205,249,4,162,4,2,9,96,2
2,2,317,140,152,4,144,11,2,256,285,2
1,1,276,143,105,2,124,2,2,198,142,2
1,1,140,188,148,2,232,3,2,267,170,3
7,6,595,386,532,29,450,25,10,713,140,9
1,1,304,136,48,2,51,2,2,10,122,4
4,2,818,306,253,1,443,6,2,504,132,2
1,1,254,248,337,2,210,1,2,232,161,4
3,2,274,139,341,2,107,2,3,688,116,1
2,2,437,132,636,2,463,1,2,525,200,12
1,1,173,172,249,1,322,1,1,167,4,1
4,2,132,115,80,2,520,2,3,678,76,3
1,3,854,218,219,3,317,1,1,557,141,1
2,1,179,123,112,1,113,8,1,130,93,3
2,2,161,67,168,2,157,4,6,268,126,6
7,2,256,596,240,4,155,1,2,181,169,2
2,4,111,196,260,2,97,3,2,927,95,4
2,2,140,98,35,1,383,1,2,261,85,9
3,2,419,178,172,2,215,2,4,338,94,2
1,1,144,104,308,1,192,1,1,261,104,1
3,1,90,31,53,1,126,1,1,90,92,1
3,3,125,175,56,4,81,7,3,189,92,10
2,2,305,150,143,2,270,2,4,155,146,2
1,1,232,518,391,2,92,12,1,380,81,1
2,2,132,109,41,2,172,2,4,220,4,9
2,2,307,249,249,2,329,8,2,654,87,3
1,1,311,51,88,1,78,2,3,76,62,2
3,2,224,231,36,2,105,2,2,161,7,2
1,1,215,180,96,1,306,6,2,172,159,1
4,2,286,237,182,4,135,3,2,228,103,4
3,6,284,310,90,1,8,1,2,3,2,1
2,3,179,174,135,3,151,4,2,429,114,2
2,2,128,110,107,2,113,11,2,168,86,2
2,1,150,38,139,4,80,2,1,174,64,2
1,4,254,187,248,3,24,2,1,69,42,1
5,1,415,244,232,1,162,16,1,132,152,3
4,4,227,435,345,2,313,1,3,301,98,2
2,2,225,149,240,2,167,4,2,240,108,2
2,2,204,136,133,2,153,2,2,221,139,2
5,2,234,174,59,3,74,5,2,323,144,3
1,1,181,49,91,2,2,1,1,327,62,1
4,2,131,184,51,4,138,8,4,157,144,6
2,1,287,324,228,4,124,2,2,150,60,4
7,1,377,365,385,5,247,1,2,70,91,1
3,2,310,95,72,2,69,2,2,53,53,4
7,2,255,140,35,2,140,8,2,356,34,9
1,1,292,63,87,3,41,1,2,78,75,1
2,1,184,200,91,1,101,2,1,97,58,3
7,4,193,139,453,3,63,3,1,38,10,2
5,2,255,295,403,4,98,2,2,146,77,2
2,2,272,125,284,2,159,2,2,256,104,4
3,4,348,164,157,2,200,4,2,158,127,2
6,5,196,185,196,4,229,7,2,312,166,2
5,3,720,212,252,2,199,15,2,135,104,14
1,1,201,97,157,2,141,10,1,156,75,1
1,3,182,154,39,2,120,4,1,246,167,2
8,2,147,97,106,2,96,2,2,102,111,14
4,2,398,507,325,7,350,6,2,574,158,8
3,2,340,348,84,7,695,16,9,137,152,2
2,7,415,306,333,2,199,2,4,343,343,2
1,2,298,143,94,1,176,4,1,11,168,1
2,2,209,644,153,10,211,11,4,227,88,9
11,3,424,207,172,7,176,7,3,526,127,2
27,36,377,171,68,16,113,25,9,82,10,15
3,2,256,156,108,6,76,9,5,164,116,8
2,2,335,414,236,2,210,2,1,287,169,5
3,51,137,71,36,9,57,4,1,84,79,1
4,6,173,85,178,4,93,4,4,251,195,4
2,10,373,243,326,12,368,9,2,740,141,3
2,3,247,317,246,4,424,11,2,267,177,4
18,3,171,272,179,4,1,9,2,172,73,2
3,3,553,495,612,4,175,2,8,429,166,9
2,2,321,213,196,2,122,2,2,319,64,2
2,6,317,265,211,2,288,4,2,740,295,4
4,1,185,88,39,3,59,1,1,185,100,2
2,4,135,62,77,4,3,2,5,199,143,2
2,2,240,156,134,5,54,2,2,26,38,2
2,2,103,85,65,5,153,3,2,110,116,2
2,2,327,193,88,4,198,7,8,458,119,4
2,2,279,239,212,3,96,8,2,124,83,6
1,2,202,178,136,2,154,2,2,316,96,2
2,1,193,134,65,2,136,6,4,173,99,6
1,1,391,514,280,3,195,1,2,271,228,3
3,1,288,121,186,1,126,6,1,214,70,9
1,5,133,57,146,1,107,1,3,179,133,2
3,3,319,223,316,2,456,11,2,397,157,4
2,2,374,607,291,2,189,8,2,320,45,2
2,3,366,275,320,2,118,2,2,246,91,2
14,16,351,181,223,2,173,8,4,127,46,7
2,8,321,214,94,6,129,2,2,160,98,2
3,1,263,226,134,1,9,7,5,316,97,1
9,3,286,334,377,5,244,7,3,550,128,6
1,2,237,158,165,2,146,2,2,108,60,3
1,2,293,252,468,1,344,2,1,353,175,2
5,6,570,384,504,17,465,12,11,209,192,4
2,1,277,128,203,4,296,4,2,354,85,1
1,1,345,304,316,2,179,15,1,116,120,1
1,5,203,279,115,1,231,1,1,46,132,1
1,2,167,113,72,1,4,1,1,3,5,3
2,2,136,208,82,2,157,6,2,345,133,3
2,2,248,85,142,1,83,1,1,114,92,6
4,2,250,176,169,5,142,4,2,132,252,2
2,8,177,67,85,1,48,2,2,83,90,2
2,1,563,343,373,4,156,2,1,48,107,1
7,2,505,420,120,2,12,2,1,65,100,3
1,1,222,76,25,3,34,4,2,99,53,2
1,3,147,103,54,3,34,6,1,106,131,1
6,2,286,562,430,1,206,1,2,247,199,2
1,1,228,202,217,1,94,2,1,108,97,2
2,1,124,97,185,1,90,1,2,104,16,4
2,2,294,271,243,2,158,2,2,334,155,2
1,2,83,82,166,1,27,1,1,38,120,1
3,3,117,102,160,6,288,6,2,227,257,2
206,2,573,272,150,2,123,6,2,172,59,2
19,7,189,145,62,16,181,16,6,370,101,41
2,2,211,75,110,3,7,5,5,110,51,4
8,2,465,679,103,2,322,2,8,382,104,2
1,1,719,210,255,3,56,1,1,71,69,1
2,1,449,286,53,3,68,5,1,230,80,1
2,2,313,140,46,3,93,4,2,153,82,2
12,2,239,80,74,1,137,2,1,131,62,1
1,2,357,243,204,2,153,7,3,221,128,2
2,1,290,286,201,3,268,2,5,302,116,2
1,1,534,369,623,1,68,2,4,190,89,1
2,2,153,110,220,6,144,4,4,434,177,6
3,2,138,89,86,1,110,1,1,65,69,3
2,2,265,575,157,3,243,5,2,277,89,5
1,2,87,133,53,3,105,2,3,18,4,2
6,2,203,101,154,2,43,7,2,129,193,2
1,1,310,127,93,2,106,1,2,252,80,1
2,3,191,123,98,4,141,2,2,143,100,1
2,4,157,79,59,4,117,6,2,51,52,5
1,1,247,56,125,2,116,1,2,113,119,1
2,6,207,245,119,2,86,15,7,281,129,4
11,1,348,196,200,3,129,3,1,65,182,1
2,1,74,54,73,1,30,1,1,122,63,1
3,4,164,107,91,2,74,2,2,131,107,2
8,4,220,149,136,6,153,4,5,61,37,2
4,2,75,95,47,8,40,4,6,58,59,2
1,1,262,151,177,2,52,2,2,124,103,2
3,4,134,199,140,4,115,3,1,137,40,5
2,1,647,645,350,42,152,2,1,259,85,3
1,1,398,176,119,1,161,2,3,97,216,2
1,1,132,178,34,1,133,2,1,350,90,5
7,6,192,114,32,4,190,9,2,90,74,2
2,4,164,118,158,2,199,6,2,98,67,2
2,2,107,102,76,2,96,2,3,98,46,2
1,8,341,115,60,2,3,1,2,139,183,2
1,3,162,115,267,1,105,2,1,102,98,1
2,5,261,144,101,5,5,2,4,25,50,7
2,2,167,179,25,2,33,2,2,154,35,2
2,2,271,66,43,2,101,1,1,117,91,3
1,1,443,262,234,1,215,1,7,999,278,6
1,2,166,34,44,3,176,1,1,106,92,1
4,2,169,206,131,2,84,2,2,415,72,2
3,4,230,168,186,10,155,7,3,49,58,4
4,3,136,175,205,2,8,2,8,40,97,2
3,6,228,116,88,2,135,5,2,119,87,2
2,1,125,105,39,2,1,4,2,17,35,2
2,9,176,111,88,2,123,1,4,142,6,15
3,6,550,158,108,3,390,2,4,421,250,2
1,1,189,195,147,4,221,1,1,216,157,3
1,2,185,82,55,1,86,2,1,419,77,1
1,1,411,68,28,1,348,1,2,57,81,2
11,4,152,64,108,5,19,60,17,76,6,11
3,2,213,166,184,2,1,1,6,59,124,3
2,3,238,281,228,2,47,9,2,180,301,2
4,2,199,108,214,8,39,2,2,117,5,4
3,2,236,214,87,5,43,2,1,113,100,3
2,2,295,292,99,2,165,7,2,281,5,6
1,1,237,165,45,2,1,1,1,109,87,1
4,2,305,168,134,15,231,18,2,410,150,13
3,1,206,125,38,2,14,1,3,33,46,10
2,4,232,278,217,2,148,2,2,198,82,2
2,2,315,178,37,2,359,2,2,281,133,2
2,4,227,204,62,3,180,5,2,164,79,6
2,2,154,153,184,2,383,4,2,492,257,2
2,2,176,114,106,2,168,2,2,256,100,7
2,2,285,81,86,2,20,2,6,63,59,6
2,8,370,351,96,2,85,2,2,135,127,5
1,1,237,111,198,1,201,1,2,358,123,1
5,2,195,146,223,6,3,10,6,14,6,6
10,2,67,426,38,4,5,1,6,174,82,2
2,1,328,155,60,1,280,1,1,131,107,4
1,8,187,159,118,2,94,2,2,107,83,6
2,3,145,94,42,2,79,4,2,40,4,4
4,5,330,249,147,4,29,3,1,134,85,3
1,2,250,31,31,2,141,4,4,34,23,1
1,1,51,68,59,3,103,1,2,155,136,2
2,4,153,282,49,8,15,4,4,169,101,2
2,2,124,133,46,4,133,2,2,199,89,2
1,55,107,155,25,3,98,4,1,63,46,4
8,5,182,11,55,4,12,10,2,43,17,9
2,2,691,263,107,3,295,2,7,339,64,8
2,2,136,183,119,2,220,2,2,277,81,2
1,2,289,161,551,2,426,11,2,365,73,3
2,4,183,189,100,2,127,3,4,372,120,2
2,2,246,76,109,3,105,5,1,126,119,2
1,1,203,103,47,1,88,2,1,66,87,1
2,2,364,243,170,2,26,2,2,411,30,2
2,1,255,232,219,4,180,6,1,214,76,3
2,1,157,85,68,1,218,2,2,115,86,2
1,2,38,54,43,1,4,1,3,63,72,3
3,1,199,114,68,4,133,2,2,169,346,3
5,4,191,75,559,2,14,11,5,190,114,8
2,7,316,141,230,1,19,1,2,459,138,2
3,2,264,74,160,2,3,2,2,59,45,4
3,2,210,198,252,4,138,2,8,102,119,2
2,5,378,100,303,2,60,9,4,473,136,6
2,8,315,116,251,6,119,11,2,8,23,2
6,5,267,123,147,2,298,3,2,550,208,5
2,2,65,78,67,2,19,6,2,53,23,2
2,2,382,496,194,2,283,2,2,231,128,8
2,2,126,128,148,2,2,8,2,62,3,3
2,2,149,135,255,2,340,3,6,203,158,2
4,5,297,46,144,2,479,2,2,498,98,2
4,2,231,209,258,3,55,3,6,185,210,2
4,2,258,69,372,5,194,2,1,200,208,3
12,2,377,225,150,5,98,9,7,65,139,4
2,4,139,26,276,2,18,2,2,65,106,4
4,1,223,226,162,1,2,2,2,114,114,1
4,2,213,166,252,2,1,2,2,16,25,2
3,2,131,134,364,4,121,2,4,152,114,3
2,2,539,152,658,6,248,2,6,431,143,14
6,2,209,102,40,8,38,7,8,96,191,2
2,1,654,261,201,2,16,2,3,566,215,2
2,2,258,386,138,2,3,5,2,605,116,3
2,2,235,267,141,4,159,4,2,55,65,2
5,3,89,96,35,23,79,2,5,76,80,8
15,84,264,200,170,24,133,27,3,353,103,2
8,8,81,67,257,8,3,2,2,15,17,6
6,12,171,150,43,6,3,6,2,43,92,2
2,2,234,261,342,2,213,2,5,285,200,2
6,3,199,96,90,2,169,4,2,87,106,2
4,8,251,259,76,2,357,8,2,737,76,2
2,9,157,191,160,3,77,3,2,153,63,6
3,3,160,77,331,5,94,3,2,269,35,6
6,2,417,82,51,6,49,4,4,9,141,4
3,1,320,77,64,2,59,1,1,25,85,1
3,1,150,122,361,1,3,1,1,107,61,1
3,1,181,85,64,4,114,2,1,146,80,1
2,2,254,359,224,2,240,2,9,425,56,3
4,2,245,307,317,2,564,2,2,473,272,2
1,1,477,341,370,3,315,2,3,744,103,1
1,6,336,117,158,2,90,8,4,73,43,2
3,2,162,204,115,2,71,4,2,229,153,2
2,3,110,30,38,2,31,4,6,295,99,2
1,2,270,180,71,1,2,1,1,157,52,1
1,2,976,149,129,1,87,1,1,180,120,3
3,4,147,139,175,9,289,20,2,262,223,1
7,3,190,55,253,3,144,3,2,473,412,6
7,1,277,272,227,7,3,6,1,223,250,3
7,2,584,97,78,2,3,2,2,68,75,3
4,2,501,254,287,2,2,2,4,76,106,2
1,2,358,34,148,1,118,1,1,89,266,1
6,2,147,57,77,2,51,2,3,224,76,2
3,2,207,36,423,2,83,2,2,189,82,2
2,2,143,80,61,16,172,1,3,116,74,2
2,2,612,47,116,6,195,2,4,132,113,2
29,2,231,123,88,4,124,3,9,150,50,4
2,2,103,99,150,2,205,2,4,237,88,2
7,2,240,297,398,5,72,6,4,103,66,4
4,3,181,54,118,2,187,2,8,201,107,7
2,3,404,141,183,2,183,4,2,551,55,6
3,2,69,164,39,4,45,3,3,57,127,2
2,3,162,147,36,4,125,3,7,133,116,4
2,1,361,279,373,6,131,7,4,555,129,2
2,5,650,270,256,13,1,2,2,282,69,2
21,2,266,41,219,2,34,2,4,60,104,4
7,2,195,243,99,10,6,3,2,181,137,2
2,1,407,120,150,1,190,15,2,125,135,5
1,1,108,240,427,1,116,1,2,165,96,1
3,2,166,46,108,2,1,1,1,32,103,2
2,2,176,35,164,2,110,2,2,35,81,2
4,2,271,162,112,3,12,2,6,235,81,11
2,3,458,110,149,2,249,2,8,177,74,2
1,1,171,71,141,1,232,3,1,282,130,1
6,2,334,124,191,2,198,2,2,95,51,4
3,2,209,193,188,1,125,1,2,150,59,1
7,2,220,110,142,7,122,4,7,294,151,2
16,5,460,144,180,2,174,2,15,171,67,6
2,2,229,62,27,3,77,2,2,199,189,2
1,1,143,133,285,1,113,1,1,207,72,1
2,2,310,103,253,2,363,5,2,260,118,2
2,4,223,227,253,2,66,2,3,63,83,2
2,2,155,119,29,2,2,5,2,47,95,2
9,22,267,303,427,29,251,30,13,24,99,2
2,1,264,47,51,2,1,2,1,196,48,1
9,6,100,144,35,2,29,3,2,10,88,2
2,2,173,62,250,3,178,2,2,162,99,2
1,1,103,53,365,1,252,1,1,212,205,2
1,1,195,303,52,1,38,1,1,86,107,1
1,1,108,20,109,1,97,1,1,39,43,1
1,1,81,65,123,2,120,2,3,136,42,1
2,2,127,93,45,2,165,29,20,623,101,66
1,1,308,172,202,1,319,3,1,88,120,1
4,2,148,22,107,1,5,7,2,147,87,1
2,2,46,34,42,2,106,2,2,29,58,1
2,2,190,94,160,4,184,2,2,255,129,7
1,2,571,413,154,1,657,1,1,293,164,1
2,3,135,123,53,4,38,25,2,112,30,1
3,2,116,28,105,4,13,4,9,80,39,2
6,3,82,48,57,1,74,3,6,98,94,2
2,2,199,94,69,3,11,2,2,150,116,5
2,3,94,93,65,2,255,3,3,252,168,22
3,3,229,144,156,16,178,4,10,335,160,2
4,2,192,39,57,6,51,2,6,131,85,6
1,1,150,270,93,1,37,1,2,20,109,3
3,6,177,186,65,4,151,1,2,141,100,4
1,1,503,133,45,1,249,4,1,489,171,6
1,1,156,56,70,1,115,8,2,292,81,2
3,2,140,150,143,1,188,2,1,126,102,1
2,1,129,117,37,1,1,2,1,39,128,2
1,1,216,113,69,1,43,1,1,62,96,5
1,1,220,185,31,1,71,5,1,79,315,1
2,1,135,83,71,2,200,3,1,217,98,2
3,4,199,272,208,7,148,8,5,429,59,5
2,2,189,124,66,5,119,1,1,112,99,8
27,5,39,46,96,38,32,67,10,202,21,6
2,2,224,132,384,2,63,4,1,227,363,5
1,1,202,77,94,3,212,1,15,192,119,3
1,1,153,124,99,1,136,1,1,312,221,1
2,2,140,94,177,7,19,2,4,83,4,15
4,4,165,315,215,5,110,8,2,347,126,5
1,2,215,138,61,1,64,1,3,88,60,2
2,3,12,11,34,2,2,8,2,7,29,2
2,2,218,56,123,2,136,2,15,190,92,2
1,1,155,152,259,1,116,1,1,124,167,1
2,2,215,157,346,6,227,11,2,422,83,2
2,2,194,267,197,2,35,1,2,91,44,2
1,2,60,285,36,2,72,2,8,256,111,2
1,1,180,82,68,1,139,1,3,72,110,1
2,1,196,110,147,1,202,2,1,207,112,1
1,2,123,47,85,2,189,2,4,67,105,1
1,1,164,144,189,4,117,5,1,195,137,1
1,1,146,133,146,1,226,2,1,398,210,1
1,1,133,149,74,1,15,6,1,4,102,1
1,5,79,276,159,3,1,2,2,72,60,2
2,2,292,149,213,2,253,2,2,84,133,2
1,3,87,44,106,2,39,1,1,22,28,2
2,1,152,183,46,1,104,1,1,93,84,1
1,1,165,94,149,1,175,6,2,144,65,1
3,1,268,37,71,5,63,3,2,65,4,4
1,2,157,407,42,2,2,3,2,126,6,3
6,2,232,116,95,2,168,2,4,72,95,2
2,1,131,121,168,1,263,13,8,269,144,4
2,2,131,129,236,3,253,2,2,207,117,10
2,1,124,83,35,2,47,2,2,188,73,1
1,1,294,151,291,1,336,1,1,730,98,1
4,1,73,140,177,3,419,1,2,307,155,1
3,4,166,96,69,2,6,2,8,486,185,3
1,1,184,370,442,1,251,1,3,347,162,1
2,2,181,160,153,4,255,5,2,376,102,5
1,2,131,168,231,1,2,2,2,9,58,8
2,2,142,96,29,2,74,2,2,35,45,2
1,6,181,134,72,3,55,10,2,295,81,2
1,1,408,193,219,4,192,1,2,513,436,3
1,1,118,44,73,4,79,1,2,65,33,2
2,8,141,223,47,6,191,9,2,208,142,12
2,1,128,111,60,2,121,2,2,146,87,1
1,1,217,144,146,1,217,1,5,172,94,8
6,1,122,143,125,3,87,2,2,297,156,6
2,2,155,145,86,2,12,6,2,105,44,8
3,1,138,87,52,1,58,1,2,135,127,5
1,1,193,83,146,3,594,2,2,217,111,1
1,3,215,157,24,1,125,1,2,17,131,2
2,2,129,119,116,2,5,7,2,112,41,7
1,1,67,42,38,1,42,1,1,16,114,2
3,2,174,156,109,1,70,1,3,111,190,3
4,2,181,96,85,1,140,2,8,227,58,6
3,1,181,137,132,1,90,1,5,275,96,4
2,1,145,40,89,2,14,2,2,87,89,4
1,2,91,72,83,1,46,1,1,73,24,1
2,2,158,121,91,2,80,6,2,375,106,10
1,1,122,43,33,1,25,1,1,77,54,1
3,2,133,224,69,2,38,2,2,186,138,2
3,4,123,163,52,2,4,15,2,68,56,2
2,4,211,77,66,2,30,3,2,142,33,1
1,1,281,105,259,1,299,1,1,373,254,2
4,2,292,268,47,4,134,2,4,98,123,6
2,1,233,171,127,2,274,13,3,319,152,2
2,2,138,109,154,2,3,3,2,103,102,6
11,2,386,194,327,3,411,2,6,213,108,1
2,2,348,136,73,7,511,3,4,76,142,2
2,2,261,156,179,23,2,4,2,8,11,3
6,2,129,107,75,2,2,7,2,94,93,2
2,2,262,598,164,5,138,4,8,389,104,2
2,2,254,144,28,6,3,6,2,229,84,6
8,6,62,113,126,8,9,2,2,19,6,4
2,2,193,105,118,4,816,5,2,193,74,1
7,2,268,147,83,5,3,2,2,42,60,2
2,2,279,206,266,4,183,2,2,400,277,2
2,2,150,108,102,2,1,3,1,80,27,5
2,2,168,165,70,2,161,2,2,210,92,5
2,2,196,118,135,2,167,4,2,300,235,2
3,2,152,306,101,2,101,4,2,81,97,11
1,3,431,451,463,3,178,1,1,228,139,1
2,1,141,52,46,2,2,2,3,139,46,2
2,2,258,380,173,5,173,2,2,327,113,2
13,2,182,200,110,5,192,10,3,136,121,1
2,3,236,26,78,15,47,2,4,26,6,2
9,2,241,263,98,30,108,7,2,256,127,11
1,2,221,140,181,1,270,1,1,434,203,5
4,1,186,79,164,6,179,7,2,248,152,1
2,3,225,227,270,1,142,4,2,152,120,2
2,1,330,293,141,2,89,3,2,17,67,2
2,2,199,174,339,2,121,2,2,22,101,2
1,1,150,127,175,3,119,1,1,276,96,2
1,1,426,225,198,3,194,4,1,201,74,1
2,2,331,414,544,3,242,2,5,578,212,2
2,2,217,287,112,5,154,2,6,163,66,2
1,4,237,96,76,1,1,2,2,160,108,3
2,4,221,214,217,1,148,2,2,337,135,2
6,1,85,101,75,5,12,1,2,12,109,7
10,2,198,205,301,4,175,4,2,211,61,8
2,2,397,109,508,2,305,3,2,254,195,4
1,1,119,93,104,1,1,9,1,207,108,5
1,2,271,100,65,1,325,2,1,204,129,4
1,1,152,42,94,1,66,1,1,101,44,10
1,2,412,235,130,4,165,4,2,329,120,5
2,2,186,154,56,2,64,4,5,99,50,9
2,2,149,78,28,4,38,2,2,47,42,5
18,9,318,78,201,5,8,10,6,580,176,10
1,1,201,63,138,2,84,1,3,164,47,2
4,1,316,263,375,1,358,3,1,329,152,1
1,1,108,127,138,1,181,1,1,108,397,2
2,3,165,59,71,1,3,1,1,179,106,2
6,4,263,61,49,5,78,3,2,11,4,5
3,2,111,55,116,2,60,1,2,106,71,6
14,5,406,103,126,9,178,3,2,12,9,4
2,1,362,186,159,4,264,5,1,384,192,2
2,4,145,98,86,4,4,2,4,122,40,4
4,2,255,215,216,1,10,3,2,315,281,1
2,1,403,155,106,1,140,5,1,707,146,8
1,1,271,64,221,1,537,1,1,481,79,1
18,4,182,70,208,32,91,47,5,138,111,21
1,1,168,91,116,1,148,5,1,523,121,6
4,4,188,70,113,2,50,4,2,235,84,4
1,1,192,172,168,1,100,1,2,376,146,1
3,2,249,124,66,1,68,1,1,207,89,3
1,4,403,142,93,4,181,1,2,138,60,1
2,2,77,25,21,3,7,2,2,91,23,4
1,1,253,129,206,6,6,1,2,672,20,1
1,2,133,102,54,3,446,1,1,225,103,2
2,2,512,155,247,2,29,2,4,21,84,2
5,2,120,63,163,16,148,2,2,165,118,4
2,3,197,179,372,2,4,2,2,102,10,2
2,2,172,104,88,2,4,1,2,33,91,2
1,1,178,51,112,1,65,1,1,119,90,1
2,2,63,73,95,2,7,8,2,22,86,1
1,1,237,191,144,1,183,1,2,181,122,1
4,2,227,141,262,2,156,2,4,399,140,2
10,1,180,123,46,2,73,5,2,164,179,2
1,1,66,146,215,4,11,9,2,148,14,1
1,1,151,127,94,1,92,1,1,93,101,2
1,1,165,32,171,2,86,1,1,141,99,1
1,1,153,163,437,3,129,1,1,244,4,2
5,3,503,130,266,15,33,18,2,829,125,16
1,1,214,39,152,4,150,3,2,711,114,1
2,2,156,138,271,2,67,2,7,531,92,8
1,2,246,168,150,19,236,6,2,187,104,15
1,1,107,90,38,1,3,1,1,106,112,1
5,2,138,194,67,2,33,11,2,51,172,2
6,2,104,78,30,3,33,9,5,244,98,3
2,2,264,227,181,4,4,2,4,263,92,2
2,1,66,126,49,4,4,1,1,90,84,1
1,1,189,25,47,1,63,2,2,47,52,2
2,1,377,150,269,1,8,2,1,209,20,2
8,2,302,151,144,3,163,8,2,164,102,2
2,6,441,106,130,2,238,3,2,240,89,9
1,1,224,80,55,1,88,1,3,244,52,1
6,2,160,157,81,3,51,4,2,55,252,8
1,1,374,252,567,1,294,1,1,46,72,4
2,2,233,347,337,2,9,4,3,208,50,2
3,2,219,381,279,2,191,7,2,104,87,7
2,10,130,158,35,3,119,2,2,127,7,10
2,4,133,138,94,2,2,4,9,103,95,6
1,1,142,84,85,1,55,1,1,133,86,1
1,2,169,87,60,2,107,4,4,43,75,2
1,2,281,256,57,8,33,1,3,79,160,2
1,1,157,77,197,1,12,1,5,175,57,2
1,1,246,232,36,1,1,2,2,8,29,1
2,2,126,42,26,2,65,2,2,43,130,2
3,2,161,112,164,6,219,2,2,190,123,5
4,7,253,198,99,2,88,4,8,194,131,2
3,1,145,147,101,1,2,1,1,32,15,4
3,1,139,156,107,1,1,2,1,73,4,1
6,2,32,39,44,2,38,2,4,45,112,2
2,6,254,168,43,4,19,2,2,145,49,5
2,6,294,249,95,2,13,2,8,314,244,2
11,2,117,108,154,29,16,16,11,55,4,8
2,2,165,107,44,2,49,2,2,140,92,2
1,1,137,158,30,4,145,1,1,187,12,1
2,2,243,397,276,2,13,6,4,224,127,2
2,2,162,139,131,7,2,10,23,156,69,4
2,2,140,90,97,4,161,4,2,78,4,2
2,2,275,204,69,2,9,7,2,437,33,6
3,2,247,214,237,2,83,18,3,99,132,2
1,2,145,141,28,2,64,2,2,146,88,1
3,3,171,92,65,2,160,1,2,586,113,8
6,2,150,233,170,6,179,11,25,232,150,5
9,4,165,80,144,7,41,5,21,19,73,7
2,2,331,168,66,11,1,2,2,168,110,2
1,2,46,14,18,2,2,2,4,4,39,3
2,2,167,139,59,2,113,5,5,58,195,1
2,8,129,73,35,2,85,6,6,80,57,6
4,2,525,189,525,2,273,7,4,245,106,8
3,1,170,91,63,5,5,2,3,39,51,5
2,4,310,199,211,4,349,2,6,95,116,2
2,2,117,125,512,1,104,1,1,261,71,4
2,1,227,114,98,1,75,2,3,61,84,1
2,1,275,42,55,1,48,3,2,123,81,2
3,2,345,190,171,9,298,3,4,275,153,2
2,2,159,75,29,2,1,9,2,37,6,2
2,2,499,215,169,4,131,2,2,129,97,2
8,5,152,52,37,22,27,16,3,122,37,4
58,2,127,63,48,8,63,2,4,51,141,3
1,1,118,106,119,6,1,1,1,119,61,1
2,2,307,128,51,2,414,2,2,173,117,6
3,3,377,549,181,6,240,10,2,256,28,16
1,1,95,134,84,2,52,5,1,37,37,3
3,1,129,119,19,5,104,1,1,204,54,4
1,2,222,58,67,2,6,2,2,178,112,5
5,4,190,64,132,4,22,2,2,69,39,2
3,2,160,277,135,5,175,8,2,494,113,6
2,3,184,203,272,2,451,5,2,299,135,7
1,1,155,77,101,3,51,2,2,332,66,6
2,2,215,99,164,2,402,8,2,185,65,4
4,2,259,215,116,2,159,2,2,405,96,6
1,2,228,200,48,2,79,6,2,209,97,2
2,3,198,183,42,5,213,10,6,186,78,10
4,4,35,75,76,2,1,2,10,96,70,2
7,6,291,324,435,2,125,2,2,860,104,8
1,1,192,150,126,1,311,1,6,105,131,1
2,1,382,217,90,4,59,1,1,52,21,1
12,3,211,44,55,1,72,1,2,168,57,1
1,3,133,90,53,1,313,1,1,67,86,1
1,7,274,245,28,2,88,2,1,40,58,2
1,3,138,104,76,5,136,5,7,228,60,1
1,3,66,105,78,1,2,3,1,10,74,1
2,2,195,128,29,5,102,2,2,166,108,2
1,1,247,204,32,1,323,1,7,482,86,2
2,8,165,55,33,2,242,2,2,38,102,2
2,3,197,63,99,2,207,4,8,109,61,2
1,1,329,147,55,1,268,1,1,353,109,3
4,3,146,93,52,2,280,1,4,319,92,1
2,2,305,153,46,2,102,5,2,219,201,2
1,5,148,152,170,4,139,2,3,220,96,1
10,10,321,152,399,1,164,1,3,213,82,3
1,1,147,153,94,1,174,1,1,223,65,1
1,1,142,114,126,1,99,1,1,324,81,1
1,2,96,83,39,1,1,1,1,59,48,1
1,2,231,253,188,1,174,2,2,307,100,2
2,4,310,108,345,4,220,6,5,161,95,12
2,1,388,360,245,2,195,1,1,117,125,1
25,2,263,283,201,2,347,11,2,175,236,2
6,2,355,390,28,2,257,4,2,113,81,4
3,2,196,361,264,2,151,2,2,117,128,6
2,2,317,278,277,2,458,1,2,242,231,1
1,1,304,173,354,1,482,3,3,520,85,1
1,2,237,180,258,4,273,3,2,916,144,8
5,2,315,190,282,2,189,6,2,208,160,2
1,1,256,138,102,1,293,1,1,239,120,1
1,1,386,383,298,2,313,1,1,276,119,3
1,1,243,137,374,1,563,1,1,365,220,9
1,1,250,214,244,2,95,1,2,175,68,2
8,7,134,194,192,12,197,16,10,192,110,8
2,2,176,159,54,7,158,2,2,297,65,2
1,1,166,104,166,3,96,1,1,323,96,3
9,1,337,76,69,21,228,18,21,167,6,9
1,1,199,109,103,2,45,1,1,179,65,1
2,2,239,223,268,2,79,3,2,158,125,8
2,1,66,66,26,1,37,7,1,123,50,1
1,1,295,170,190,3,386,1,1,457,176,4
2,2,630,280,609,5,571,3,4,479,183,8
1,1,125,94,82,1,490,1,1,356,112,1
2,2,138,111,293,2,171,2,2,240,100,3
2,3,196,207,455,6,202,7,3,312,59,5
3,1,187,116,94,3,106,3,1,205,81,1
2,1,209,160,34,1,145,1,1,133,31,1
2,3,204,79,62,2,126,3,2,283,106,3
1,4,286,218,114,4,334,2,3,350,208,1
1,1,394,146,190,1,103,1,1,82,162,1
2,3,181,84,154,2,193,2,4,176,78,2
1,1,344,277,129,1,391,5,3,640,334,1
1,1,241,184,246,3,178,1,1,287,73,1
1,1,174,99,64,1,149,5,1,263,121,12
2,2,325,183,358,3,497,6,1,615,110,2
2,2,90,37,98,3,15,4,10,25,200,13
2,1,704,545,418,1,274,1,1,579,156,1
4,12,206,158,172,2,271,2,2,300,87,3
2,2,550,160,314,8,274,2,2,467,93,2
2,1,372,152,248,9,319,1,2,367,109,7
1,1,200,98,65,2,165,1,1,175,106,1
4,1,417,577,517,4,426,1,3,246,101,1
2,2,24,56,32,2,35,6,6,36,30,2
2,3,343,635,580,2,372,2,2,364,112,2
4,2,200,102,157,1,4,2,2,154,89,2
3,1,444,462,130,2,355,4,1,338,228,11
2,2,150,131,111,2,136,2,2,383,91,4
2,2,382,128,52,2,73,7,2,431,78,3
2,2,192,434,124,1,370,4,3,322,187,4
1,2,413,246,517,5,93,7,4,100,112,4
2,2,153,270,210,3,58,1,2,175,84,2
2,4,96,145,98,1,191,6,2,46,94,2
1,1,232,865,412,1,363,1,1,178,104,12
1,1,211,252,89,2,129,1,2,16,160,1
2,2,268,279,160,2,108,2,4,197,78,1
4,13,236,155,188,4,52,2,2,61,44,6
1,1,217,103,87,1,64,2,2,66,37,1
2,2,198,156,48,2,83,2,2,68,26,4
411,6,206,162,207,2,30,13,2,38,4,4
3,9,367,205,476,4,304,2,6,327,163,4
2,2,344,399,421,3,14,1,2,78,5,2
2,2,72,38,101,2,94,2,2,105,55,2
9,2,326,213,57,4,97,2,5,30,45,2
2,2,182,172,82,4,97,2,4,48,99,5
2,9,352,464,298,2,254,2,2,63,32,4
1,1,63,112,109,2,92,1,2,150,56,6
5,2,445,447,104,2,54,2,2,14,11,3
1,4,121,86,47,2,213,1,3,218,118,5
1,2,324,303,48,2,116,2,3,94,37,2
23,17,224,140,329,19,167,16,33,175,57,13
3,2,367,99,110,12,6,4,4,12,6,5
3,1,160,203,358,4,2,1,1,102,46,2
13,2,311,283,205,3,186,8,3,253,184,9
2,2,167,135,25,2,20,2,6,91,4,3
6,2,253,141,216,2,122,3,3,167,89,6
3,10,242,37,81,7,92,8,65,22,8,6
2,2,192,43,100,4,87,2,3,13,4,5
1,2,246,98,102,1,97,2,2,81,95,2
2,1,269,74,69,1,9,1,1,3,4,1
13,3,252,298,54,9,69,6,2,76,107,2
2,2,170,87,8,2,4,2,2,17,8,4
1,1,531,324,150,2,1,2,3,150,87,1
3,2,251,166,167,3,151,3,2,359,89,4
3,5,240,85,161,8,66,1,1,46,27,1
2,2,248,370,103,2,127,2,2,316,113,10
2,2,215,157,127,4,8,2,4,8,5,5
2,2,281,149,113,3,3,2,3,78,98,1
11,5,362,256,65,6,224,13,9,189,4,8
1,2,139,106,41,4,160,1,5,254,151,2
2,2,134,91,96,2,2,2,2,256,98,2
2,3,174,145,57,2,84,5,6,27,8,2
2,2,323,92,117,4,2,2,6,8,4,2
2,2,185,35,40,2,1,2,2,3,2,4
1,1,390,117,83,1,1,1,2,251,103,1
2,3,224,277,91,1,61,3,1,237,54,1
2,2,550,332,296,3,396,2,2,891,151,7
4,3,325,131,49,3,62,1,2,74,40,2
1,1,334,106,37,1,1,4,2,4,1,2
2,4,229,192,34,1,77,2,2,562,108,3
4,2,376,152,136,2,142,6,2,234,89,11
2,2,421,221,513,2,371,4,2,957,143,6
1,1,246,137,120,1,169,1,1,236,67,1
4,4,116,103,200,8,53,2,4,142,5,2
2,2,311,129,58,3,69,6,2,173,50,6
69,4,233,343,124,21,382,9,2,362,85,1
5,6,259,60,140,2,121,2,2,111,78,2
4,3,279,125,287,2,328,14,2,410,5,2
2,2,325,103,44,2,109,2,4,218,109,2
1,2,290,154,151,1,7,11,4,42,9,2
1,1,306,62,148,2,4,2,4,6,9,2
4,8,223,217,55,2,2,4,6,2,7,2
2,4,461,73,37,2,213,8,2,47,131,13
2,2,193,267,29,2,2,2,4,248,90,9
4,2,137,193,108,4,285,2,11,159,5,6
3,2,88,138,102,2,7,2,2,452,125,2
1,1,1,1,2,1,1,1,1,2,2,2
2,2,177,74,125,4,136,2,6,142,204,4
2,4,328,313,169,2,46,5,2,555,23,8
27,2,440,178,112,4,2,3,8,639,4,2
5,2,247,33,177,8,152,3,2,156,95,6
56,5,204,317,216,14,12,16,10,271,31,6
1,1,143,185,213,1,5,6,2,9,9,1
2,2,233,72,252,4,73,2,2,52,76,2
2,2,133,144,4,2,76,2,4,160,4,2
16,2,343,158,193,22,195,26,3,147,64,2
2,1,191,117,31,2,1,2,4,78,10,2
2,2,241,185,46,3,3,2,4,30,24,2
3,2,137,122,77,2,104,4,8,84,31,2
2,2,215,66,109,4,76,7,2,346,83,2
2,2,179,580,126,2,9,2,2,481,8,2
3,1,167,134,168,2,3,2,2,136,11,3
14,6,205,134,182,4,88,8,2,191,204,7
10,4,232,19,123,6,105,5,2,70,79,2
1,6,146,117,46,2,148,3,5,140,107,3
10,4,186,180,128,3,172,2,2,264,7,2
9,2,389,342,428,23,140,16,2,653,5,8
2,3,93,88,75,4,135,2,2,95,279,2
4,2,285,96,95,2,135,11,8,412,144,2
2,2,184,132,52,4,2,2,4,78,94,1
1,1,172,48,169,2,2,2,4,52,35,2
2,2,175,130,95,4,196,4,2,115,51,6
1,2,252,83,85,2,1,2,1,137,136,2
2,4,305,242,134,6,302,4,2,257,145,5
2,2,180,129,139,1,93,3,5,203,182,1
2,3,281,193,197,2,75,3,6,212,63,6
1,1,239,131,282,2,96,5,2,259,100,1
8,3,89,92,50,2,92,7,8,275,59,4
2,4,24,3,45,4,47,3,2,147,96,2
6,2,154,98,109,5,121,6,2,193,113,7
2,2,176,127,225,2,34,2,3,46,88,2
3,2,385,141,130,2,68,12,4,457,13,2
2,2,167,94,166,4,233,4,2,291,179,2
2,2,448,213,337,2,396,2,3,404,279,2
2,5,254,569,260,3,130,3,2,259,129,3
3,2,112,156,49,2,179,7,2,93,50,2
2,2,158,81,122,2,5,2,2,46,9,3
2,2,318,36,26,3,16,6,2,126,6,2
8,3,406,211,366,2,180,2,2,108,86,4
3,4,289,348,141,2,171,4,2,142,128,3
14,2,164,164,175,5,136,11,4,197,139,7
2,2,246,221,84,1,210,13,2,53,116,2
22,69,389,460,351,20,157,3,2,102,126,2
1,1,97,61,27,1,75,1,2,59,29,2
1,3,173,238,78,3,1,1,6,249,124,4
6,4,497,153,202,2,3,2,2,118,69,3
1,3,264,248,122,3,7,5,1,255,120,4
1,4,260,325,98,1,1,7,1,17,103,3
1,2,149,80,39,1,98,1,1,174,86,1
2,2,221,167,74,2,15,4,2,11,14,2
2,2,276,299,159,1,279,3,1,401,98,1
4,4,70,64,90,2,31,4,2,75,43,2
1,1,318,211,107,1,93,1,4,105,90,6
1,2,348,112,105,1,172,2,2,470,85,3
3,1,25,88,64,3,2,5,1,12,212,5
2,3,210,314,181,2,131,2,2,343,152,8
1,1,269,182,156,1,305,3,1,632,256,2
5,1,267,159,67,1,107,6,2,99,141,2
6,2,181,113,111,17,30,12,2,727,102,7
2,3,195,111,171,2,355,2,2,340,73,2
6,1,443,145,205,5,239,6,2,488,197,2
2,6,664,231,238,2,574,3,4,948,401,3
2,2,335,291,143,4,145,6,2,254,92,3
1,7,146,110,280,1,155,5,1,272,170,3
2,2,228,53,192,2,116,5,4,307,46,2
2,6,170,60,183,7,540,7,3,321,48,2
3,3,178,107,39,3,49,1,6,120,65,1
2,4,216,152,106,4,2,7,2,189,97,9
1,5,314,313,297,3,2,1,1,189,164,3
1,1,61,41,56,4,105,2,1,92,87,2
2,2,296,278,183,4,151,2,4,817,132,3
4,1,85,37,128,2,7,6,4,111,94,5
4,9,310,223,195,8,284,7,3,444,339,24
1,1,265,124,66,1,2,1,1,86,14,1
6,4,242,159,130,2,169,2,2,314,195,2
5,1,271,158,80,7,155,5,5,251,172,1
1,1,314,228,96,1,173,1,1,159,128,3
2,2,288,215,83,4,174,2,2,400,165,2
1,1,282,171,134,1,200,2,1,237,54,6
4,2,137,199,218,5,105,9,8,233,132,6
2,2,210,284,241,1,312,2,1,87,251,1
2,2,177,252,248,3,46,6,2,169,189,4
1,1,299,205,230,5,84,1,1,36,51,4
2,4,173,77,60,26,138,9,1,104,7,1
2,2,232,212,140,6,40,15,2,181,10,2
2,2,293,91,30,2,83,1,2,74,32,2
3,2,264,170,219,2,126,2,2,27,173,4
2,2,247,193,126,2,99,13,2,147,60,4
2,3,238,120,92,10,311,54,49,616,126,5
2,2,185,80,41,1,1,3,1,6,23,2
1,2,168,122,82,8,111,4,4,126,86,2
10,2,253,418,328,2,198,1,2,237,168,2
8,2,289,523,437,2,123,2,4,143,162,5
46,1,70,65,55,2,137,1,4,45,7,21
3,1,225,171,80,1,39,1,2,139,75,2
2,2,150,80,37,4,357,4,2,87,31,4
2,1,258,146,289,2,237,2,2,260,135,2
4,3,285,338,185,2,202,1,2,372,110,2
4,2,44,11,27,2,38,3,2,18,26,6
3,2,199,213,87,7,187,6,10,356,112,6
2,2,130,59,58,2,57,2,8,183,112,2
2,2,202,301,101,4,57,2,3,82,62,3
2,4,264,98,230,8,183,4,9,111,156,2
1,1,259,337,247,1,178,1,1,11,48,1
10,6,385,315,200,8,329,30,3,240,267,13
4,3,297,145,41,1,72,4,1,203,110,5
1,1,276,265,198,1,38,1,1,16,84,1
10,3,128,218,165,4,235,17,14,324,167,39
2,2,137,230,49,6,64,2,6,93,62,1
3,2,256,116,92,4,157,2,4,223,122,4
2,2,109,46,81,2,111,6,2,60,126,20
1,2,169,98,49,2,102,2,2,216,113,2
1,2,123,46,44,1,2,1,1,52,19,2
6,2,177,101,45,6,40,6,6,179,76,6
1,1,368,451,56,6,259,4,2,111,182,7
1,1,409,185,170,3,328,6,1,179,126,1
2,1,422,57,44,2,125,2,2,141,154,2
2,2,257,82,280,2,64,2,6,68,44,2
2,1,290,138,198,10,133,9,4,329,120,1
2,3,206,77,47,12,19,3,2,30,87,2
1,5,461,167,131,2,233,3,1,228,172,2
2,2,242,406,132,6,53,2,4,59,109,2
1,1,202,162,45,1,31,1,1,73,17,1
3,4,284,333,63,3,57,2,2,259,142,6
1,1,273,257,77,3,1,1,6,133,70,2
2,2,270,162,60,2,50,3,2,430,92,2
2,2,159,113,44,3,176,2,2,66,67,2
1,1,253,138,144,1,92,1,1,214,80,2
2,3,177,271,150,3,222,2,2,324,54,4
2,5,291,130,185,4,74,11,4,117,98,8
2,1,335,100,463,2,245,2,1,328,168,1
1,2,209,115,113,2,71,1,2,89,100,2
3,2,122,251,71,6,36,3,3,87,30,2
1,1,172,103,76,2,136,1,1,317,203,1
1,1,470,252,221,2,137,2,3,243,115,2
7,4,189,52,196,2,198,13,2,166,80,4
3,1,311,79,206,4,113,2,1,209,64,10
2,10,68,71,24,1,32,2,1,51,60,5
2,2,203,131,134,4,144,3,2,150,57,2
1,1,125,159,58,1,38,1,1,36,94,1
1,2,212,145,46,3,46,2,2,171,39,2
2,2,198,181,118,2,43,3,3,86,144,6
1,2,188,150,142,4,202,4,1,101,119,1
3,2,339,131,107,2,345,2,4,229,146,2
4,7,360,132,232,5,175,2,26,18,35,13
3,7,205,192,378,4,142,2,2,265,78,5
4,2,188,94,103,2,86,2,4,76,88,2
2,2,123,117,81,2,153,1,2,46,75,1
53,3,101,59,88,20,66,9,2,100,62,1
1,5,240,62,225,3,165,3,1,113,117,7
1,2,261,302,130,2,344,2,1,343,90,2
1,1,298,142,125,1,40,1,1,424,119,1
8,2,136,104,34,2,129,6,7,225,38,2
1,1,146,136,90,1,29,1,1,91,74,2
1,1,201,225,84,1,77,2,1,261,5,1
2,2,225,78,155,4,115,8,8,172,105,5
3,1,93,110,89,1,72,1,2,70,83,1
2,2,430,179,192,2,264,2,2,204,99,2
6,2,280,102,127,5,89,4,1,69,59,4
1,2,429,338,421,3,1,1,1,395,131,2
4,2,327,101,110,2,69,7,4,138,21,4
1,3,536,200,93,2,148,7,2,52,126,2
1,1,250,106,109,1,84,2,1,154,46,2
2,1,28,47,4,1,1,1,1,4,6,3
1,1,23,14,27,1,37,1,1,35,48,2
1,1,114,121,40,1,5,1,2,4,10,2
15,1,112,237,98,2,2,1,2,8,8,4
7,2,227,102,97,2,4,2,2,13,5,2
1,1,124,95,54,2,55,1,1,37,102,1
3,1,281,225,166,1,138,1,1,256,151,1
1,2,281,305,483,2,260,1,2,275,111,2
3,2,46,36,22,3,45,2,2,4,112,3
7,2,106,82,98,2,62,2,2,55,37,2
2,2,156,46,40,2,81,2,2,56,104,2
2,2,256,105,90,3,84,2,2,400,96,4
1,2,224,128,39,1,77,2,2,376,77,4
2,16,195,117,68,6,208,4,2,268,127,2
2,3,237,116,242,4,41,8,1,80,134,1
2,1,271,39,195,6,252,4,2,342,223,3
2,2,248,138,173,3,261,2,2,323,110,5
2,2,175,124,150,2,379,4,2,295,255,1
2,2,139,70,78,2,34,8,2,170,73,2
2,4,278,26,80,3,35,3,2,37,93,2
6,2,293,141,211,2,109,2,16,184,44,4
1,3,121,86,148,2,172,3,4,195,99,3
3,2,268,232,326,2,67,1,4,453,111,2
2,2,87,68,85,24,2,2,2,50,58,2
2,1,203,122,42,2,67,3,1,143,95,1
2,2,80,23,27,2,8,2,1,36,44,1
3,2,133,124,179,4,299,2,2,150,103,2
1,2,267,176,355,1,409,1,1,119,114,2
7,2,340,177,183,6,155,9,2,166,62,2
2,4,141,146,61,2,61,8,2,36,36,2
2,2,115,224,284,2,354,6,2,378,111,2
2,2,156,82,136,2,58,2,2,180,98,5
3,1,375,118,103,1,82,1,3,341,102,1
2,5,226,220,64,2,352,2,2,303,130,13
2,2,144,120,98,2,109,2,2,59,106,6
1,1,127,81,86,1,1,1,1,45,94,1
2,2,238,377,47,6,382,4,3,121,365,1
2,2,193,47,85,6,33,2,2,58,153,7
2,3,344,328,370,6,461,3,2,540,235,2
12,13,252,564,273,25,315,8,6,472,309,10
2,2,72,89,78,5,119,2,2,256,144,5
1,1,133,192,208,1,4,1,4,267,71,1
20,4,130,108,241,34,263,15,3,246,79,5
3,2,195,160,100,2,141,3,2,310,124,4
1,2,202,234,330,3,376,1,1,705,323,1
1,1,198,259,197,1,142,1,2,71,77,2
2,1,148,89,43,1,1,2,1,119,41,1
2,3,112,96,87,8,114,7,2,165,214,2
10,2,101,105,172,2,250,2,4,195,114,6
26,7,174,105,187,2,36,4,2,364,337,1
4,2,212,175,100,6,56,5,2,123,223,2
1,2,347,235,134,4,64,6,3,406,186,5
1,1,178,129,78,1,187,1,1,252,99,6
2,8,249,107,70,2,152,4,4,62,62,4
2,1,197,218,193,3,233,5,2,70,95,2
2,4,120,60,27,2,42,2,2,132,100,11
1,1,122,192,265,3,143,4,1,225,113,1
10,18,117,261,182,17,198,21,21,290,4,4
2,2,138,182,117,2,175,2,2,254,111,2
1,6,88,41,29,1,50,1,1,42,31,1
14,3,208,103,175,2,212,7,9,309,144,6
1,2,175,393,25,4,210,1,2,144,104,2
3,3,352,191,358,1,67,1,1,154,122,1
8,10,211,101,48,2,50,8,6,56,35,16
1,3,106,84,42,5,8,2,1,43,99,6
8,1,376,163,72,15,142,2,2,291,41,2
2,4,91,81,98,2,60,3,4,122,56,2
1,1,150,155,26,1,136,2,3,36,111,4
2,6,239,171,90,5,123,6,2,238,94,2
1,1,212,243,279,3,333,1,2,286,143,1
6,3,208,236,24,20,149,7,1,275,58,1
3,2,125,81,46,6,2,4,8,2,4,2
2,4,38,78,49,2,50,2,2,99,126,2
2,2,232,304,122,2,193,2,3,295,140,2
2,2,319,55,350,2,311,6,2,355,94,4
1,2,130,171,85,3,163,2,5,210,121,3
2,2,290,746,299,5,656,2,2,697,494,3
1,2,69,136,67,2,76,1,1,147,109,1
1,2,87,50,38,1,6,10,1,88,37,1
2,3,278,598,224,2,147,9,2,441,89,13
1,1,207,102,115,1,73,3,1,49,35,3
2,2,339,131,280,4,235,1,2,248,154,6
3,4,190,50,55,2,1,3,2,47,42,1
2,2,493,674,505,2,808,11,2,193,153,7
2,2,244,436,199,2,157,7,2,393,165,2
1,1,501,467,112,1,345,1,1,612,143,4
180,7,302,164,86,31,113,15,25,211,117,21
3,6,302,170,203,6,143,46,6,245,98,25
2,1,322,148,336,1,172,2,1,638,95,1
2,7,296,94,231,4,1,4,4,171,9,4
4,4,151,192,188,2,92,2,2,131,152,3
4,2,199,145,102,2,250,9,2,539,56,3
2,1,152,304,159,1,245,6,1,375,62,1
2,2,224,117,205,2,263,8,4,417,89,6
1,2,335,139,45,2,50,2,10,487,88,4
2,2,330,214,181,2,310,10,2,135,126,2
1,1,346,176,57,1,310,6,1,746,135,4
2,4,642,302,198,3,568,2,2,302,140,4
1,2,202,127,320,2,8,1,2,600,6,1
3,2,350,130,152,2,369,2,2,325,355,2
1,1,406,517,398,1,305,9,1,461,499,1
3,2,188,66,94,2,77,2,4,122,107,7
4,2,463,101,217,4,1,2,1,53,45,4
47,9,142,68,47,13,115,7,17,5,25,76
1,2,224,134,110,4,94,13,2,482,136,2
1,1,106,35,147,1,83,2,2,65,29,1
2,2,127,141,217,2,294,2,2,392,126,2
2,1,136,194,288,1,600,1,2,488,37,3
1,2,156,173,115,2,291,3,2,81,68,9
2,4,292,361,174,2,204,2,2,330,135,2
4,6,263,204,166,3,186,5,5,612,124,6
3,6,156,148,103,2,6,2,4,7,110,2
2,2,287,215,310,2,103,4,4,52,126,2
8,13,196,160,176,29,184,28,9,118,74,5
3,1,307,185,163,1,195,1,2,335,29,4
2,3,254,167,74,2,347,2,2,342,78,2
2,3,574,360,259,1,262,1,1,104,212,1
3,4,256,232,368,2,377,5,6,370,211,5
1,1,231,290,278,1,161,4,1,235,85,1
5,4,155,251,264,5,303,5,2,25,55,7
1,1,208,259,86,3,446,7,5,794,179,1
1,2,286,355,55,4,243,2,7,232,124,4
1,5,296,218,339,5,500,18,3,5,99,1
2,3,170,161,104,1,58,1,1,36,39,1
3,2,161,149,101,7,200,9,2,376,223,7
3,2,210,131,40,2,2,15,2,125,39,2
8,4,189,344,165,9,236,10,2,339,100,6
1,1,455,383,417,1,363,1,1,422,196,1
4,4,162,163,103,4,110,4,2,245,47,2
2,2,248,38,164,3,108,7,2,176,47,2
7,2,494,214,189,4,5,8,4,80,87,2
2,2,465,241,449,2,230,3,2,311,189,2
1,2,257,502,277,1,148,1,1,80,39,2
2,2,84,56,111,2,59,6,2,91,63,4
1,2,64,134,150,1,72,1,1,148,93,1
5,2,435,180,208,14,371,7,1,512,13,1
6,4,153,48,123,2,148,8,2,125,180,2
1,2,206,165,166,1,1,1,1,194,55,1
4,6,258,178,375,5,715,8,14,124,13,9
2,2,222,185,146,2,324,9,2,420,130,3
2,2,52,50,94,1,28,1,4,54,45,8
2,1,260,658,164,2,316,21,2,404,98,4
2,2,394,212,200,4,320,4,2,245,90,2
1,1,213,241,297,1,69,1,2,48,71,1
11,4,230,377,266,5,111,8,3,675,64,4
2,2,198,161,116,4,148,6,2,477,83,2
2,2,189,168,123,2,341,2,4,212,22,8
2,2,254,110,204,1,118,1,4,321,79,1
4,2,310,285,45,3,327,8,2,341,90,2
8,3,263,164,136,14,263,14,3,531,88,24
3,12,117,182,171,12,183,8,2,270,46,4
52,33,175,376,238,51,463,38,84,156,103,44
2,2,102,189,164,2,83,6,2,192,45,5
1,1,148,138,75,3,66,1,1,138,41,1
1,1,176,218,234,4,171,9,1,143,86,1
3,1,329,101,225,4,211,12,2,634,156,4
3,4,294,228,178,3,216,6,2,346,99,4
1,1,300,217,65,1,86,1,1,76,99,2
4,2,265,304,207,4,314,8,4,249,278,3
4,2,310,263,126,2,287,12,6,195,131,2
4,2,121,168,215,10,275,6,2,671,73,15
2,2,307,269,469,3,586,13,2,535,111,2
2,2,155,40,157,11,9,2,4,81,75,1
1,2,190,261,90,4,192,6,6,416,97,2
2,2,397,552,642,1,105,4,5,115,40,6
1,1,370,160,213,1,3,1,4,233,95,1
3,1,121,370,440,4,108,5,1,287,223,3
2,2,191,213,136,4,57,3,5,229,97,2
2,2,212,237,171,1,2,1,1,113,126,5
1,1,198,119,35,2,57,1,1,7,118,1
4,4,120,57,138,6,2,2,2,62,97,8
3,2,371,244,270,4,35,5,4,18,62,2
2,6,159,124,54,3,143,2,2,111,81,9
2,2,154,129,119,2,2,10,2,87,47,2
1,3,325,238,325,2,164,1,1,39,86,4
1,1,253,126,192,2,125,1,2,111,72,1
6,1,825,191,178,1,241,1,2,185,82,4
3,2,371,345,449,4,271,3,1,625,82,2
1,1,174,267,98,1,147,1,1,240,82,3
3,2,230,47,34,4,84,1,1,73,15,1
2,2,67,121,97,2,359,2,6,172,242,2
2,2,257,431,208,2,270,2,2,305,135,2
2,7,177,124,122,17,6,2,3,183,129,2
1,2,253,59,99,3,2,5,1,134,53,2
44,7,82,193,80,10,189,5,2,92,84,3
2,3,165,150,123,3,329,7,2,210,118,2
6,2,126,56,152,2,158,3,2,185,116,6
4,1,91,246,50,2,2,4,9,42,88,4
4,2,272,140,127,2,188,2,4,156,89,8
4,3,109,65,94,2,38,1,2,66,33,2
2,2,146,119,441,1,1,1,1,28,59,4
3,3,138,81,91,2,40,2,1,15,106,7
2,2,180,132,491,6,337,2,9,317,106,6
2,1,101,39,118,1,94,3,4,98,82,2
1,1,187,133,50,3,43,1,2,91,101,2
1,3,195,151,151,1,263,1,1,203,205,3
2,2,143,127,115,2,140,2,4,114,175,14
12,7,209,129,120,9,123,15,2,123,89,6
13,2,241,195,50,6,67,16,9,88,56,3
1,7,42,40,64,4,42,2,2,70,47,2
1,2,323,518,517,2,3,2,1,277,203,3
1,2,482,146,27,1,267,1,1,353,90,1
2,6,85,168,194,2,2,2,2,60,84,2
2,8,255,207,82,2,2,2,2,124,85,4
2,9,114,93,73,2,7,2,4,4,4,2
2,2,217,163,272,4,325,2,2,281,128,4
4,2,170,96,144,2,99,4,2,169,89,2
1,2,336,151,125,1,4,3,3,47,109,4
2,40,185,101,82,1,10,2,1,42,16,1
4,2,228,90,181,1,192,1,1,239,95,2
1,3,179,69,139,14,106,14,1,375,71,6
8,2,226,212,62,4,238,2,2,355,97,2
2,1,236,77,77,1,71,1,3,149,68,1
2,2,492,187,242,2,489,3,2,99,40,2
43,3,96,79,40,4,137,2,8,73,36,3
1,2,160,84,28,3,52,2,2,6,11,2
5,3,276,366,222,7,1,3,2,263,123,6
2,2,271,101,97,2,138,2,3,123,87,4
9,1,84,172,93,6,2,3,2,45,83,7
1,3,142,85,111,3,245,3,2,251,90,1
7,2,352,190,316,2,330,7,2,115,84,14
8,6,156,58,137,6,136,2,5,56,108,1
4,3,249,309,85,6,328,4,5,399,87,6
4,1,302,39,68,1,3,1,1,6,8,4
4,2,149,131,68,2,121,3,2,364,77,2
1,8,351,161,75,6,68,2,4,15,76,3
2,4,202,97,78,3,1,4,1,178,29,1
2,3,121,96,120,1,1,2,1,38,27,5
3,4,297,95,128,2,100,2,2,194,46,4
2,2,46,38,83,1,72,1,4,76,62,1
1,2,248,193,92,2,159,1,2,137,142,1
21,41,265,361,379,34,488,171,9,508,137,13
2,3,100,105,108,3,143,6,5,200,52,1
16,21,213,163,236,21,282,7,18,356,198,21
1,2,149,285,39,2,122,2,2,218,108,2
2,2,105,164,77,5,5,7,1,6,70,1
2,2,238,65,218,2,25,2,3,178,60,2
2,6,368,236,100,3,269,2,10,337,132,11
48,2,177,259,187,25,135,33,2,212,103,2
1,2,50,107,48,1,114,2,1,23,38,1
1,1,146,76,117,3,176,1,2,101,47,3
4,2,330,311,164,3,239,5,6,162,170,13
3,8,349,339,304,2,184,10,2,295,91,5
1,2,304,306,155,1,77,1,1,20,103,1
2,2,153,99,70,2,1,6,2,148,69,4
11,8,422,165,384,7,188,4,2,70,48,7
2,1,183,363,205,2,277,4,1,265,96,10
1,6,48,25,17,2,2,6,2,1,62,2
16,15,160,357,212,11,262,9,10,284,62,22
2,4,254,176,128,11,135,6,2,284,4,6
2,2,117,83,33,1,209,3,5,131,72,2
2,2,411,319,225,2,280,2,2,140,131,2
2,1,368,260,129,1,335,4,1,389,134,1
1,2,265,77,219,1,1,1,1,32,30,2
6,2,231,304,93,2,125,8,4,111,269,2
1,3,133,54,99,3,12,2,2,17,39,2
7,2,91,64,46,2,54,2,2,86,73,1
1,1,43,23,56,1,34,1,1,14,9,1
3,1,304,174,245,6,252,1,3,29,67,2
5,6,261,308,101,4,82,1,4,76,35,4
2,4,198,177,47,4,15,2,2,82,69,2
13,3,290,293,768,30,227,17,3,52,464,9
2,2,214,141,271,6,513,2,2,110,114,2
1,1,185,306,135,2,90,6,1,136,80,3
3,4,344,309,130,6,171,2,6,43,85,10
6,4,144,121,173,6,6,3,2,72,67,1
8,3,167,134,493,4,259,10,2,509,140,6
16,3,174,46,20,5,49,4,1,21,18,1
6,2,238,264,225,13,214,5,3,240,145,17
2,1,192,229,74,2,1,1,2,77,48,2
2,3,208,379,326,2,105,11,2,642,311,2
4,2,145,78,20,2,172,2,3,384,78,2
6,9,246,238,128,3,174,2,5,23,90,4
2,2,119,178,143,4,93,2,4,252,102,5
3,2,91,109,147,2,163,15,2,152,40,8
4,7,237,336,461,2,433,7,16,843,104,9
2,2,258,166,115,6,98,2,6,109,199,4
2,2,636,321,641,2,167,6,2,244,143,7
1,1,132,145,187,2,3,2,1,48,239,18
2,2,642,517,174,5,441,1,2,845,268,1
2,7,580,135,201,2,251,1,2,619,124,7
2,2,126,102,41,3,49,3,4,55,52,5
5,1,384,166,22,1,1,1,1,20,10,3
3,2,141,58,196,7,3,2,2,27,33,2
2,2,363,158,223,2,194,2,2,307,85,2
2,7,168,171,157,6,305,12,2,173,97,6
2,5,206,129,104,2,164,7,2,116,79,6
20,9,537,65,42,2,144,43,3,116,229,2
1,3,102,100,129,3,143,3,2,92,44,3
1,1,160,86,90,1,9,1,3,166,30,10
6,4,308,207,283,2,4,8,14,107,112,3
1,1,204,236,151,6,292,2,1,319,113,1
3,2,222,280,230,3,261,5,3,450,70,11
2,2,236,260,385,7,148,9,2,511,127,10
4,2,228,164,36,1,113,9,6,138,117,4
2,2,271,218,161,5,2,2,2,57,141,2
2,6,366,265,329,4,208,6,4,67,103,3
1,2,815,221,97,1,219,5,2,564,393,10
1,1,497,378,828,3,352,1,1,17,172,1
1,4,246,128,149,2,2,1,1,523,139,1
22,21,545,269,694,44,552,44,6,492,139,22
6,2,195,327,141,2,108,7,2,116,301,4
2,1,163,79,34,13,87,5,1,69,4,2
2,2,182,413,103,2,2,1,5,246,70,4
2,2,355,278,376,2,607,3,2,351,97,1
1,1,208,448,158,3,244,1,1,48,88,1
9,2,250,209,194,2,406,9,2,484,80,22
8,2,470,363,455,2,449,2,2,463,79,2
6,2,157,148,133,4,8,14,4,383,80,4
2,2,458,208,47,6,140,2,2,11,147,2
8,3,188,196,108,9,84,4,2,197,91,2
1,2,320,145,229,2,98,3,2,228,51,2
1,1,124,101,62,1,126,1,1,56,103,1
1,1,290,438,234,2,155,1,3,112,66,1
2,2,371,209,427,3,436,7,3,599,100,11
1,6,337,185,104,4,166,3,1,86,133,1
3,1,258,129,20,4,83,10,4,34,66,7
2,2,337,237,220,2,551,6,2,868,152,2
311,138,482,207,118,16,10,47,6,199,4,12
2,2,417,386,315,2,725,7,2,733,355,13
2,2,234,238,201,5,249,10,3,878,140,9
1,1,203,199,154,1,278,5,3,720,101,5
2,9,515,311,134,2,135,17,4,8,53,1
64,35,233,181,238,4,257,1,121,47,99,31
4,2,313,202,43,4,428,7,4,688,91,9
2,2,270,134,193,2,124,2,4,219,91,2
6,3,622,406,331,2,373,9,3,934,129,13
7,6,565,757,631,5,34,2,2,208,150,4
3,1,298,291,164,1,223,8,2,735,124,1
1,1,237,226,158,6,208,2,2,52,88,1
1,1,275,155,29,1,250,1,2,448,125,3
2,1,335,699,135,1,1,7,1,117,113,3
4,3,386,441,524,5,675,7,6,504,249,13
2,2,348,142,433,2,579,13,2,562,128,2
1,1,105,120,143,5,179,4,1,315,169,2
2,6,526,29,413,2,5,4,7,688,279,7
2,1,248,393,122,3,121,1,1,160,57,1
2,2,227,201,492,2,254,3,6,328,223,8
2,2,314,394,46,1,336,1,2,407,112,1
1,1,627,348,804,2,231,1,1,251,147,5
2,4,229,261,231,5,127,10,3,279,56,2
18,2,201,82,43,3,122,2,6,429,7,3
7,6,224,111,115,9,178,11,10,215,152,3
2,4,272,417,515,2,409,2,2,102,78,2
2,2,612,372,389,2,370,2,6,345,139,2
3,11,136,133,233,10,5,4,17,86,149,17
7,2,318,302,262,14,47,9,2,47,53,8
1,1,281,276,174,1,83,2,3,206,127,1
2,2,229,106,168,4,566,1,4,379,214,4
1,1,227,325,60,1,316,8,1,126,48,2
1,1,387,127,43,1,403,1,1,403,103,3
2,2,357,330,177,4,211,4,4,613,5,4
3,2,179,163,86,2,258,8,2,396,149,2
1,1,905,364,204,1,441,1,1,296,109,1
5,20,286,259,191,11,53,18,2,22,182,1
12,4,256,173,107,19,285,25,4,93,150,5
1,2,101,11,33,3,26,2,1,26,15,2
4,4,226,179,73,15,142,22,13,494,115,13
1,2,203,193,314,2,292,3,2,543,95,3
3,1,215,183,216,5,9,7,2,12,96,2
4,2,284,242,107,2,130,22,2,79,100,2
4,2,597,230,236,2,838,2,4,793,672,2
3,2,9,15,41,3,26,3,3,54,86,3
11,3,316,217,107,9,123,3,2,202,115,4
3,8,331,194,180,2,359,3,2,222,168,2
2,5,362,239,121,2,109,2,2,241,198,2
2,2,368,259,394,2,560,2,2,173,98,4
12,2,174,255,264,32,4,19,10,62,137,9
26,14,216,128,133,40,305,19,14,233,143,10
2,1,208,100,96,7,250,8,2,180,207,2
5,2,368,231,185,2,142,1,8,309,91,5
2,2,370,247,298,6,194,6,4,105,40,13
4,4,418,296,369,2,504,2,2,511,120,4
2,2,175,430,151,2,60,2,2,180,90,2
2,3,194,223,358,2,149,3,2,545,515,3
2,2,407,184,129,2,264,2,2,536,129,5
2,2,238,158,109,7,62,7,2,220,20,3
2,2,133,99,87,5,103,2,3,122,87,2
2,2,289,163,612,2,129,18,4,155,161,3
2,1,232,192,81,2,70,2,2,358,159,4
3,2,303,232,85,3,196,2,2,305,223,3
2,2,346,309,284,2,850,6,2,401,383,4
1,4,611,375,318,3,633,2,1,153,77,2
1,1,374,178,148,1,126,5,1,126,121,1
7,2,394,271,399,2,420,33,16,787,164,4
2,2,331,819,331,3,249,1,6,356,76,3
4,2,872,237,253,2,507,2,4,274,188,2
1,1,528,537,97,2,625,1,2,810,122,1
2,3,256,170,38,2,212,1,2,241,30,2
6,14,975,469,583,2,219,3,2,365,162,2
6,5,222,257,143,6,81,3,4,345,74,3
16,6,175,81,89,2,96,2,9,277,89,10
6,1,166,243,125,70,35,27,6,34,18,65
2,2,353,785,270,2,58,9,2,351,110,2
2,2,245,206,343,4,421,4,4,647,201,2
5,2,176,69,70,10,193,1,2,289,131,2
2,5,246,406,105,2,206,4,2,312,104,4
3,3,232,408,330,2,168,2,2,282,116,2
3,2,118,121,19,2,54,12,1,28,68,3
2,1,275,150,305,1,282,8,1,276,95,1
4,3,731,430,218,1,601,4,2,504,273,10
2,4,150,320,379,4,193,2,2,324,81,4
8,2,234,186,58,3,198,6,4,553,129,3
1,3,339,266,304,3,33,7,6,94,15,4
6,2,513,413,226,4,378,3,2,193,65,1
1,2,320,206,241,9,503,9,2,436,123,4
4,2,468,153,241,4,155,34,2,305,118,16
3,5,488,478,108,18,485,28,7,446,116,12
3,3,297,208,202,2,169,4,2,334,112,2
7,8,400,94,105,4,59,13,3,44,59,4
3,6,509,676,573,36,293,11,9,837,214,8
21,2,202,109,168,14,256,11,7,305,253,9
8,4,204,206,565,41,262,19,2,186,236,21
3,2,303,202,195,14,240,4,3,201,63,5
3,2,291,312,257,2,483,2,1,353,99,7
2,3,149,151,60,51,5,7,6,115,396,4
6,20,430,334,392,25,78,8,12,74,80,4
4,2,242,362,227,5,282,4,3,746,101,6
3,5,402,234,393,6,5,8,1,616,64,1
1,2,431,271,361,2,370,4,1,781,123,1
11,3,169,202,70,3,251,8,4,46,30,16
1,1,307,694,178,1,232,1,3,98,89,1
8,2,264,222,119,27,189,10,4,953,210,15
1,1,270,179,157,1,190,1,1,236,176,2
10,6,214,122,166,2,362,7,8,177,26,15
2,2,297,269,488,8,377,2,2,336,115,2
4,1,211,179,228,8,154,3,1,469,127,2
4,2,472,495,326,4,290,2,1,284,415,2
5,2,269,127,240,2,235,2,2,552,203,14
6,4,355,244,528,9,272,7,4,121,9,13
2,2,193,193,203,2,96,2,2,247,36,2
1,1,139,441,205,1,284,5,4,156,99,1
1,4,310,210,124,2,212,2,1,312,269,5
1,2,325,115,182,2,295,4,2,920,87,1
4,2,188,206,63,7,159,19,6,571,112,17
10,7,215,216,271,13,303,9,3,123,55,25
11,10,513,252,131,2,697,2,2,359,145,11
8,8,328,337,158,25,127,4,4,299,122,11
3,2,256,184,218,5,45,5,3,813,100,2
3,1,158,128,45,4,133,1,4,402,98,5
1,1,262,408,90,2,315,6,2,84,111,2
8,8,258,198,159,2,183,5,2,429,144,2
3,2,218,189,92,4,260,2,2,576,115,2
2,4,257,229,68,4,227,4,4,140,37,6
10,1,177,137,138,2,244,1,1,155,104,2
2,2,170,181,141,3,8,5,2,228,72,15
3,4,379,215,184,8,163,5,2,4,254,4
10,201,416,214,178,8,275,15,2,177,118,6
4,1,262,174,236,2,687,19,1,457,865,7
3,10,694,545,319,2,443,6,2,59,97,11
2,2,198,210,116,1,314,1,4,269,48,2
2,4,355,533,185,2,155,2,3,236,102,6
1,1,380,421,42,6,347,8,3,344,4,4
7,5,272,315,218,4,303,19,8,554,225,10
5,4,282,129,120,1,238,1,2,548,88,4
1,2,187,220,201,2,210,11,2,96,105,4
1,1,214,177,193,2,121,5,1,579,117,2
5,2,207,282,171,2,264,2,6,161,215,2
1,1,278,143,197,2,232,1,2,47,111,2
1,1,338,164,366,4,330,1,3,122,140,3
2,3,367,564,219,2,296,9,2,659,90,2
3,5,477,447,187,6,413,9,5,330,90,3
2,3,225,147,243,4,419,2,1,206,52,2
3,1,181,203,82,1,29,2,2,113,103,1
2,7,312,189,192,15,267,19,5,642,59,8
11,9,396,373,312,16,341,4,6,482,172,4
7,2,289,257,151,7,194,20,2,226,243,2
12,2,290,95,265,9,15,5,6,26,2,44
2,2,279,171,185,3,333,2,6,282,132,5
1,1,310,149,139,3,243,1,1,203,127,1
2,3,262,63,45,6,112,5,6,140,100,2
1,2,253,90,150,3,241,1,3,500,88,1
8,4,237,335,338,6,586,2,3,758,118,13
40,20,298,389,232,4,516,27,26,300,369,48
3,11,363,190,78,3,290,11,13,212,260,9
2,3,282,602,177,2,287,2,2,400,102,9
1,1,251,259,333,1,132,7,1,212,114,1
2,3,382,223,203,5,507,11,2,582,112,3
6,12,585,441,521,4,7,2,2,24,4,2
12,3,238,203,113,2,33,1,3,199,104,3
3,1,255,225,210,3,60,16,1,246,76,4
5,1,158,159,134,1,2,1,2,177,6,1
1,2,242,141,44,2,123,3,2,184,115,5
23,4,246,127,60,11,30,8,1,59,27,1
2,2,352,148,67,4,17,6,5,20,8,7
2,1,104,20,15,4,42,4,2,100,40,3
2,2,234,15,55,1,367,5,5,335,128,2
1,1,302,154,208,2,209,3,1,278,168,8
1,3,149,57,97,6,45,1,4,4,4,1
3,4,79,29,27,1,9,1,3,135,168,5
2,2,126,109,117,2,41,2,4,167,35,1
2,11,65,104,95,2,1,4,2,51,32,2
2,1,264,157,123,5,2,1,2,135,144,3
6,4,190,71,63,2,1,2,2,22,60,2
2,1,256,55,240,2,68,1,1,203,176,3
2,1,349,405,233,2,241,2,2,244,24,1
6,1,204,188,104,3,200,1,1,195,188,1
4,2,278,84,161,2,42,5,4,105,13,6
2,1,248,122,266,1,7,5,2,462,2,3
7,9,151,91,118,2,8,2,12,24,52,7
2,1,155,110,103,2,3,1,2,83,75,3
7,2,264,133,70,2,288,2,2,275,337,2
1,1,141,112,70,1,67,5,3,115,148,3
2,1,206,98,68,2,132,6,2,144,106,2
4,1,93,209,31,2,2,1,1,18,26,1
1,1,226,173,158,1,210,1,1,41,122,1
2,1,164,47,49,1,8,2,1,286,4,2
2,1,143,191,123,4,9,6,8,172,69,6
1,2,366,664,387,1,161,4,2,203,115,3
1,2,170,155,131,2,9,7,2,149,31,1
1,1,245,82,164,3,79,2,4,194,47,2
1,1,271,198,146,3,365,2,2,150,152,2
2,2,365,9,49,2,82,2,2,98,36,4
1,1,305,99,194,1,202,1,1,296,275,1
3,2,400,196,122,1,170,2,1,267,85,4
4,1,161,71,33,3,49,2,1,261,141,1
2,2,143,97,165,2,113,2,2,242,23,2
1,1,367,231,39,1,5,1,3,218,43,6
1,1,601,351,359,1,823,1,1,317,181,4
1,2,158,172,138,4,100,7,2,249,66,7
1,1,240,115,256,1,305,4,1,272,138,7
2,2,113,55,60,2,57,2,2,71,5,9
2,3,208,327,290,2,1,1,2,191,152,4
4,10,309,310,43,1,83,2,1,353,98,1
1,1,231,188,73,4,3,2,2,283,95,1
3,1,130,74,45,1,1,2,5,100,117,1
4,1,172,144,135,3,3,2,2,89,97,2
1,1,128,318,54,2,103,1,2,299,58,3
3,1,254,103,29,3,64,1,1,115,81,1
1,11,133,52,36,33,62,1,1,260,71,1
1,1,246,49,55,1,2,1,2,82,147,1
2,3,287,170,107,4,62,6,4,158,73,8
2,1,312,220,147,2,158,1,3,195,330,2
1,2,58,87,63,1,25,1,1,58,101,1
1,4,227,140,98,3,245,1,2,168,48,9
1,1,108,126,78,1,1,1,1,63,53,1
36,6,447,414,370,4,380,2,4,302,92,8
2,2,152,84,79,2,102,4,2,13,64,2
4,2,76,48,35,1,84,12,2,59,104,4
3,2,141,152,148,2,92,2,2,158,83,6
18,12,243,533,106,5,124,4,2,55,37,2
1,1,64,127,44,1,103,1,1,51,65,1
2,6,79,20,24,2,45,3,2,34,59,7
1,2,33,73,58,1,46,2,2,84,24,1
2,2,168,68,53,2,42,1,2,151,39,3
1,1,131,126,108,1,33,1,1,23,83,1
2,3,424,364,92,2,303,2,2,143,13,4
2,2,77,30,65,1,65,7,2,112,75,2
2,2,318,226,123,5,3,6,2,546,105,2
2,2,168,140,72,1,1,2,2,31,17,5
4,2,108,134,73,2,47,2,4,46,75,2
3,4,445,368,73,1,58,4,1,40,46,1
2,1,31,27,27,1,16,1,1,43,76,1
2,2,294,156,35,2,73,2,2,193,80,2
2,2,199,67,69,1,4,4,1,3,14,1
2,15,62,86,33,13,86,5,5,37,23,8
3,1,91,122,12,1,57,2,1,56,24,2
4,4,157,125,50,5,217,2,2,168,84,7
1,1,119,252,94,8,229,7,2,198,107,7
1,1,119,68,67,2,43,3,2,43,20,2
2,1,134,71,41,1,89,2,2,48,94,3
1,2,255,214,201,2,208,12,5,115,128,6
2,4,289,209,100,18,119,4,2,118,236,29
37,11,204,143,43,37,93,36,3,95,35,59
4,2,261,138,111,5,95,2,6,168,20,6
4,2,389,253,159,6,177,3,2,657,141,4
2,1,51,32,53,1,1,1,1,20,42,2
2,1,164,118,86,1,81,4,2,19,72,1
7,1,316,139,54,1,361,4,1,146,116,1
1,2,414,487,346,3,572,10,3,817,168,2
1,2,212,124,90,1,140,2,1,40,99,2
4,4,192,74,36,16,166,5,8,46,33,10
4,2,266,264,161,3,161,5,6,178,105,2
2,1,131,102,51,2,11,2,1,40,114,1
3,2,151,116,71,4,66,3,1,58,18,1
1,1,173,314,18,5,66,1,1,2,2,2
4,1,303,578,52,1,133,1,2,30,79,1
2,1,500,239,165,5,442,6,3,286,136,4
1,1,159,187,81,2,30,1,2,21,74,1
3,11,415,444,137,4,168,9,1,227,88,1
1,2,245,123,40,1,30,1,1,17,87,2
1,1,208,98,197,7,40,1,1,88,2,5
3,4,365,504,165,4,759,2,6,591,108,4
2,2,130,23,44,1,50,1,2,56,99,1
1,1,73,118,59,1,55,1,6,141,29,1
2,2,224,85,71,3,3,2,2,154,96,2
2,2,176,154,68,2,5,20,2,70,8,12
1,8,136,238,92,1,103,6,1,152,161,2
2,4,196,112,66,2,110,4,2,100,80,2
1,2,210,190,277,1,18,7,7,138,7,4
2,4,138,82,74,2,114,8,2,22,49,3
6,2,351,109,78,6,150,3,2,85,10,2
5,9,339,80,30,8,123,6,10,148,58,8
6,2,174,164,82,2,2,2,4,49,88,6
2,2,184,179,202,5,163,2,8,119,63,1
2,1,279,180,50,5,65,1,2,124,97,7
2,3,204,133,90,4,5,2,2,227,82,6
2,18,214,227,88,4,51,2,3,73,4,4
21,8,174,27,193,27,136,21,18,93,111,12
3,4,272,437,108,2,199,3,2,106,13,3
1,1,210,252,314,7,140,8,2,20,92,2
1,1,187,37,41,1,69,1,4,226,84,1
2,2,559,52,144,2,2,4,2,50,100,2
